{"type":"FeatureCollection","features":[{"type":"Feature","properties":{"adm_cd":"22010540","gu":"중구","dong":"삼덕동","pop06":276,"cap":105,"enr":63,"cov":38.0,"use":22.8,"fill":60.0,"type":"이중취약","rcov":67.8,"area":0.6,"price":2094.0,"age":13.0},"geometry":{"type":"Polygon","coordinates":[[[128.601827,35.867742],[128.609028,35.866266],[128.61367,35.865378],[128.612692,35.863854],[128.609511,35.861773],[128.598766,35.864077],[128.597176,35.865337],[128.597506,35.866499],[128.595234,35.867256],[128.595363,35.868351],[128.601827,35.867742]]]}},{"type":"Feature","properties":{"adm_cd":"22010560","gu":"중구","dong":"성내1동","pop06":80,"cap":238,"enr":218,"cov":297.5,"use":272.5,"fill":91.6,"type":"양호","rcov":66.8,"area":0.8,"price":1306.0,"age":20.0},"geometry":{"type":"Polygon","coordinates":[[[128.596611,35.875478],[128.601402,35.874588],[128.59982,35.868225],[128.599157,35.867662],[128.595363,35.868351],[128.595259,35.867142],[128.597506,35.866499],[128.597176,35.865337],[128.599391,35.863714],[128.600789,35.860485],[128.59748,35.859728],[128.596479,35.859988],[128.594436,35.865315],[128.593237,35.865526],[128.59467,35.874799],[128.596611,35.875478]]]}},{"type":"Feature","properties":{"adm_cd":"22010590","gu":"중구","dong":"성내2동","pop06":480,"cap":306,"enr":260,"cov":63.7,"use":54.2,"fill":85.0,"type":"물리적부족","rcov":75.6,"area":0.9,"price":2402.0,"age":4.0},"geometry":{"type":"Polygon","coordinates":[[[128.588297,35.877283],[128.594859,35.875889],[128.593237,35.865526],[128.58763,35.866529],[128.582343,35.86488],[128.58211,35.870163],[128.584851,35.870767],[128.587275,35.870267],[128.588143,35.8768],[128.588297,35.877283]]]}},{"type":"Feature","properties":{"adm_cd":"22010610","gu":"중구","dong":"성내3동","pop06":1545,"cap":283,"enr":282,"cov":18.3,"use":18.3,"fill":99.6,"type":"물리적부족","rcov":63.4,"area":0.8,"price":2245.0,"age":3.0},"geometry":{"type":"Polygon","coordinates":[[[128.577728,35.879601],[128.588325,35.87748],[128.587275,35.870267],[128.582213,35.870579],[128.582124,35.873326],[128.58004,35.87377],[128.57886,35.872345],[128.576759,35.871883],[128.575491,35.873791],[128.576527,35.876014],[128.579104,35.875393],[128.577955,35.876606],[128.577728,35.879601]]]}},{"type":"Feature","properties":{"adm_cd":"22010620","gu":"중구","dong":"대신동","pop06":397,"cap":397,"enr":310,"cov":100.0,"use":78.1,"fill":78.1,"type":"양호","rcov":92.9,"area":0.5,"price":2104.0,"age":11.0},"geometry":{"type":"Polygon","coordinates":[[[128.581835,35.873436],[128.582545,35.870551],[128.582343,35.86488],[128.574175,35.862616],[128.573773,35.865375],[128.579096,35.869506],[128.579925,35.873772],[128.581835,35.873436]]]}},{"type":"Feature","properties":{"adm_cd":"22010640","gu":"중구","dong":"남산1동","pop06":215,"cap":87,"enr":50,"cov":40.5,"use":23.3,"fill":57.5,"type":"이중취약","rcov":78.3,"area":0.4,"price":1763.0,"age":12.0},"geometry":{"type":"Polygon","coordinates":[[[128.594436,35.865315],[128.596881,35.859136],[128.595784,35.858849],[128.595833,35.858352],[128.595574,35.858814],[128.59404,35.858442],[128.594674,35.856568],[128.590667,35.857271],[128.587795,35.856765],[128.590382,35.862037],[128.592693,35.861289],[128.59342,35.865492],[128.594436,35.865315]]]}},{"type":"Feature","properties":{"adm_cd":"22010650","gu":"중구","dong":"남산2동","pop06":505,"cap":450,"enr":312,"cov":89.1,"use":61.8,"fill":69.3,"type":"물리적부족","rcov":81.4,"area":0.4,"price":2902.0,"age":5.0},"geometry":{"type":"Polygon","coordinates":[[[128.587903,35.866433],[128.59342,35.865492],[128.592693,35.861289],[128.586657,35.863446],[128.584883,35.862853],[128.584219,35.862013],[128.58249,35.862206],[128.582359,35.864885],[128.587903,35.866433]]]}},{"type":"Feature","properties":{"adm_cd":"22010660","gu":"중구","dong":"남산3동","pop06":175,"cap":418,"enr":393,"cov":238.9,"use":224.6,"fill":94.0,"type":"양호","rcov":94.7,"area":0.4,"price":1711.0,"age":12.0},"geometry":{"type":"Polygon","coordinates":[[[128.585871,35.863345],[128.590382,35.862037],[128.587795,35.856765],[128.582863,35.856334],[128.58249,35.862206],[128.584219,35.862013],[128.585871,35.863345]]]}},{"type":"Feature","properties":{"adm_cd":"22010670","gu":"중구","dong":"남산4동","pop06":861,"cap":601,"enr":491,"cov":69.8,"use":57.0,"fill":81.7,"type":"물리적부족","rcov":92.7,"area":0.4,"price":2743.0,"age":4.0},"geometry":{"type":"Polygon","coordinates":[[[128.574175,35.862616],[128.582513,35.864556],[128.582856,35.856337],[128.574448,35.860069],[128.574175,35.862616]]]}},{"type":"Feature","properties":{"adm_cd":"22010680","gu":"중구","dong":"대봉1동","pop06":315,"cap":108,"enr":93,"cov":34.3,"use":29.5,"fill":86.1,"type":"물리적부족","rcov":65.5,"area":0.6,"price":1867.0,"age":11.0},"geometry":{"type":"Polygon","coordinates":[[[128.599465,35.863849],[128.609518,35.861771],[128.609364,35.860673],[128.608668,35.860794],[128.608145,35.859446],[128.608326,35.854905],[128.602489,35.855334],[128.599465,35.863849]]]}},{"type":"Feature","properties":{"adm_cd":"22010690","gu":"중구","dong":"대봉2동","pop06":398,"cap":124,"enr":121,"cov":31.2,"use":30.4,"fill":97.6,"type":"물리적부족","rcov":62.6,"area":0.3,"price":2342.0,"age":4.0},"geometry":{"type":"Polygon","coordinates":[[[128.600817,35.86041],[128.602778,35.855239],[128.598081,35.855524],[128.596768,35.856326],[128.594674,35.856568],[128.59404,35.858442],[128.595574,35.858814],[128.595833,35.858352],[128.595949,35.858392],[128.595784,35.858849],[128.596881,35.859136],[128.596228,35.859972],[128.59748,35.859728],[128.600817,35.86041]]]}},{"type":"Feature","properties":{"adm_cd":"22010700","gu":"중구","dong":"동인동","pop06":479,"cap":311,"enr":240,"cov":64.9,"use":50.1,"fill":77.2,"type":"물리적부족","rcov":74.3,"area":1.0,"price":1935.0,"age":3.0},"geometry":{"type":"Polygon","coordinates":[[[128.612617,35.873804],[128.614668,35.868127],[128.61367,35.865378],[128.59982,35.868225],[128.601395,35.874637],[128.605973,35.873818],[128.610629,35.874974],[128.612617,35.873804]]]}},{"type":"Feature","properties":{"adm_cd":"22020510","gu":"동구","dong":"신암1동","pop06":556,"cap":516,"enr":157,"cov":92.8,"use":28.2,"fill":30.4,"type":"이중취약","rcov":106.6,"area":0.6,"price":2004.0,"age":2.0},"geometry":{"type":"Polygon","coordinates":[[[128.622187,35.887874],[128.623214,35.885241],[128.622711,35.884396],[128.623114,35.883124],[128.614342,35.881171],[128.611785,35.881911],[128.613951,35.884777],[128.615276,35.885423],[128.617401,35.88931],[128.619879,35.890945],[128.622187,35.887874]]]}},{"type":"Feature","properties":{"adm_cd":"22020520","gu":"동구","dong":"신암2동","pop06":615,"cap":551,"enr":450,"cov":89.6,"use":73.2,"fill":81.7,"type":"물리적부족","rcov":90.7,"area":0.4,"price":1620.0,"age":13.0},"geometry":{"type":"Polygon","coordinates":[[[128.612091,35.88179],[128.614033,35.881256],[128.616586,35.876486],[128.610785,35.874886],[128.60663,35.876933],[128.609973,35.879032],[128.612091,35.88179]]]}},{"type":"Feature","properties":{"adm_cd":"22020530","gu":"동구","dong":"신암3동","pop06":831,"cap":665,"enr":553,"cov":80.0,"use":66.5,"fill":83.2,"type":"물리적부족","rcov":84.4,"area":0.6,"price":2103.0,"age":6.0},"geometry":{"type":"Polygon","coordinates":[[[128.623774,35.883266],[128.627165,35.880036],[128.627644,35.878792],[128.626905,35.877612],[128.621245,35.877528],[128.61634,35.876161],[128.614033,35.881256],[128.623774,35.883266]]]}},{"type":"Feature","properties":{"adm_cd":"22020540","gu":"동구","dong":"신암4동","pop06":962,"cap":402,"enr":303,"cov":41.8,"use":31.5,"fill":75.4,"type":"물리적부족","rcov":114.6,"area":1.2,"price":2305.0,"age":3.0},"geometry":{"type":"Polygon","coordinates":[[[128.627899,35.889491],[128.633064,35.885634],[128.637373,35.881224],[128.634917,35.880625],[128.635182,35.87993],[128.626905,35.877612],[128.627644,35.878792],[128.627165,35.880036],[128.623774,35.883266],[128.623118,35.883115],[128.622711,35.884396],[128.623214,35.885241],[128.62174,35.88911],[128.619879,35.890945],[128.622156,35.892432],[128.627899,35.889491]]]}},{"type":"Feature","properties":{"adm_cd":"22020550","gu":"동구","dong":"신암5동","pop06":249,"cap":369,"enr":257,"cov":148.2,"use":103.2,"fill":69.6,"type":"양호","rcov":108.1,"area":0.5,"price":1836.0,"age":2.0},"geometry":{"type":"Polygon","coordinates":[[[128.634506,35.891061],[128.641402,35.888482],[128.640738,35.887508],[128.637437,35.886281],[128.632943,35.885621],[128.62795,35.889468],[128.631645,35.893117],[128.634506,35.891061]]]}},{"type":"Feature","properties":{"adm_cd":"22020560","gu":"동구","dong":"신천1·2동","pop06":176,"cap":183,"enr":42,"cov":104.0,"use":23.9,"fill":23.0,"type":"질적미스매치","rcov":84.1,"area":0.4,"price":1061.0,"age":15.0},"geometry":{"type":"Polygon","coordinates":[[[128.61622,35.876379],[128.620048,35.870037],[128.618447,35.867772],[128.614664,35.868136],[128.612483,35.874114],[128.610785,35.874886],[128.61622,35.876379]]]}},{"type":"Feature","properties":{"adm_cd":"22020580","gu":"동구","dong":"신천3동","pop06":751,"cap":532,"enr":381,"cov":70.8,"use":50.7,"fill":71.6,"type":"물리적부족","rcov":77.0,"area":0.7,"price":1981.0,"age":4.0},"geometry":{"type":"Polygon","coordinates":[[[128.626905,35.877612],[128.625534,35.874728],[128.627078,35.866928],[128.618447,35.867772],[128.620048,35.870037],[128.616742,35.876197],[128.621245,35.877528],[128.626905,35.877612]]]}},{"type":"Feature","properties":{"adm_cd":"22020590","gu":"동구","dong":"신천4동","pop06":669,"cap":137,"enr":120,"cov":20.5,"use":17.9,"fill":87.6,"type":"물리적부족","rcov":98.0,"area":0.8,"price":2607.0,"age":1.0},"geometry":{"type":"Polygon","coordinates":[[[128.629996,35.878623],[128.631698,35.877825],[128.634193,35.875078],[128.635121,35.872006],[128.634149,35.87164],[128.629758,35.866652],[128.627078,35.866928],[128.625534,35.874728],[128.626905,35.877612],[128.629996,35.878623]]]}},{"type":"Feature","properties":{"adm_cd":"22020600","gu":"동구","dong":"효목1동","pop06":122,"cap":366,"enr":215,"cov":300.0,"use":176.2,"fill":58.7,"type":"질적미스매치","rcov":111.9,"area":1.3,"price":965.0,"age":28.0},"geometry":{"type":"Polygon","coordinates":[[[128.64523,35.886109],[128.646027,35.886314],[128.647184,35.885542],[128.651063,35.881976],[128.653945,35.881238],[128.65936,35.876426],[128.65523,35.876159],[128.652045,35.878083],[128.65008,35.87853],[128.645083,35.876425],[128.642187,35.880284],[128.63988,35.88138],[128.637244,35.881358],[128.633064,35.885634],[128.63762,35.886333],[128.640738,35.887508],[128.641402,35.888482],[128.64523,35.886109]]]}},{"type":"Feature","properties":{"adm_cd":"22020610","gu":"동구","dong":"효목2동","pop06":477,"cap":319,"enr":134,"cov":66.9,"use":28.1,"fill":42.0,"type":"이중취약","rcov":110.7,"area":0.8,"price":967.0,"age":23.0},"geometry":{"type":"Polygon","coordinates":[[[128.63528,35.87205],[128.634193,35.875078],[128.630507,35.878603],[128.635182,35.87993],[128.634917,35.880625],[128.637956,35.881562],[128.641097,35.880963],[128.643217,35.879398],[128.645145,35.876678],[128.638991,35.8731],[128.63528,35.87205]]]}},{"type":"Feature","properties":{"adm_cd":"22020620","gu":"동구","dong":"도평동","pop06":48,"cap":86,"enr":45,"cov":179.2,"use":93.8,"fill":52.3,"type":"질적미스매치","rcov":null,"area":21.3,"price":400.0,"age":36.0},"geometry":{"type":"Polygon","coordinates":[[[128.682884,35.947692],[128.685634,35.946371],[128.686007,35.945202],[128.690488,35.945214],[128.692045,35.946114],[128.695191,35.946175],[128.698009,35.943405],[128.70047,35.942365],[128.705582,35.943734],[128.70763,35.942742],[128.710132,35.943233],[128.710181,35.942611],[128.713722,35.941767],[128.716671,35.942061],[128.7219,35.940058],[128.726461,35.940249],[128.733869,35.938444],[128.735926,35.938522],[128.737444,35.937516],[128.739745,35.937472],[128.740818,35.936866],[128.738073,35.93413],[128.73843,35.931125],[128.737701,35.929568],[128.734775,35.929256],[128.733244,35.930011],[128.72855,35.929066],[128.725434,35.929823],[128.722613,35.928912],[128.720572,35.929097],[128.719298,35.928434],[128.71978,35.927755],[128.717972,35.925161],[128.718127,35.923779],[128.716343,35.923243],[128.715912,35.922535],[128.711794,35.921633],[128.708444,35.918295],[128.706312,35.917863],[128.70616,35.916063],[128.702969,35.913716],[128.701938,35.914735],[128.700494,35.914975],[128.699249,35.917772],[128.697174,35.919069],[128.694966,35.919518],[128.68896,35.919393],[128.685723,35.920431],[128.681699,35.917975],[128.677523,35.916495],[128.674291,35.91309],[128.671079,35.912773],[128.670018,35.910476],[128.670724,35.907817],[128.669229,35.905314],[128.670231,35.90154],[128.669224,35.90015],[128.670123,35.899461],[128.670822,35.895452],[128.668149,35.893499],[128.66369,35.892067],[128.662082,35.889604],[128.658713,35.887857],[128.658268,35.889665],[128.658887,35.889707],[128.658811,35.890688],[128.660082,35.891491],[128.659421,35.894477],[128.656974,35.894658],[128.659053,35.896139],[128.659696,35.898189],[128.661385,35.899323],[128.658627,35.900843],[128.658095,35.902425],[128.65856,35.903006],[128.65617,35.903611],[128.656871,35.905738],[128.658261,35.90627],[128.657884,35.907931],[128.6572,35.907702],[128.655527,35.908688],[128.654786,35.907623],[128.652357,35.907556],[128.653093,35.908366],[128.65058,35.909093],[128.647178,35.908639],[128.642698,35.909318],[128.645279,35.910045],[128.645243,35.910829],[128.646016,35.911029],[128.647547,35.91324],[128.650075,35.913956],[128.649941,35.914629],[128.650668,35.91446],[128.651592,35.916014],[128.651415,35.918145],[128.653691,35.918725],[128.654715,35.918438],[128.656149,35.919766],[128.656446,35.921668],[128.655595,35.924866],[128.656046,35.926471],[128.655353,35.927022],[128.655757,35.927702],[128.656787,35.927654],[128.660401,35.929464],[128.660276,35.933375],[128.660763,35.933911],[128.662758,35.933104],[128.665602,35.940297],[128.668867,35.942898],[128.668231,35.943275],[128.669278,35.94429],[128.670818,35.943705],[128.672536,35.945176],[128.67897,35.945644],[128.682884,35.947692]]]}},{"type":"Feature","properties":{"adm_cd":"22020630","gu":"동구","dong":"불로·봉무동","pop06":674,"cap":1026,"enr":712,"cov":152.2,"use":105.6,"fill":69.4,"type":"양호","rcov":144.4,"area":7.6,"price":1392.0,"age":13.0},"geometry":{"type":"Polygon","coordinates":[[[128.650324,35.937779],[128.654387,35.937671],[128.660763,35.933911],[128.659928,35.93151],[128.660401,35.929464],[128.656787,35.927654],[128.655757,35.927702],[128.655353,35.927022],[128.656046,35.926471],[128.655595,35.924866],[128.656446,35.921668],[128.656149,35.919766],[128.654715,35.918438],[128.653691,35.918725],[128.651415,35.918145],[128.651592,35.916014],[128.650668,35.91446],[128.649941,35.914629],[128.650075,35.913956],[128.647547,35.91324],[128.646016,35.911029],[128.645243,35.910829],[128.645279,35.910045],[128.642681,35.909277],[128.64541,35.908706],[128.650285,35.909126],[128.651227,35.908745],[128.644307,35.906441],[128.64032,35.90664],[128.635,35.899902],[128.632367,35.901063],[128.62798,35.900261],[128.627035,35.904973],[128.628111,35.907394],[128.63227,35.912416],[128.632344,35.920556],[128.631486,35.927127],[128.629186,35.92962],[128.627537,35.929623],[128.62856,35.930303],[128.628247,35.931904],[128.625176,35.935551],[128.631553,35.93612],[128.638061,35.933596],[128.640896,35.934459],[128.641665,35.935223],[128.642706,35.938247],[128.647038,35.937677],[128.647947,35.937932],[128.647761,35.938712],[128.648695,35.939163],[128.650324,35.937779]]]}},{"type":"Feature","properties":{"adm_cd":"22020650","gu":"동구","dong":"지저동","pop06":194,"cap":217,"enr":73,"cov":111.9,"use":37.6,"fill":33.6,"type":"질적미스매치","rcov":80.3,"area":2.3,"price":883.0,"age":24.0},"geometry":{"type":"Polygon","coordinates":[[[128.649355,35.908338],[128.653093,35.908366],[128.646981,35.902764],[128.646593,35.901688],[128.647222,35.899634],[128.64614,35.89766],[128.646961,35.897522],[128.646285,35.895523],[128.645372,35.895273],[128.641402,35.888482],[128.634506,35.891061],[128.631645,35.893117],[128.631745,35.894034],[128.628928,35.89731],[128.62798,35.900261],[128.632367,35.901063],[128.635,35.899902],[128.64032,35.90664],[128.644307,35.906441],[128.649355,35.908338]]]}},{"type":"Feature","properties":{"adm_cd":"22020660","gu":"동구","dong":"동촌동","pop06":261,"cap":316,"enr":169,"cov":121.1,"use":64.8,"fill":53.5,"type":"질적미스매치","rcov":99.2,"area":3.2,"price":1053.0,"age":11.0},"geometry":{"type":"Polygon","coordinates":[[[128.655527,35.908688],[128.657884,35.907931],[128.658261,35.90627],[128.656871,35.905738],[128.65617,35.903611],[128.65856,35.903006],[128.658095,35.902425],[128.658627,35.900843],[128.661385,35.899323],[128.659696,35.898189],[128.659053,35.896139],[128.656974,35.894658],[128.659421,35.894477],[128.660082,35.891491],[128.658811,35.890688],[128.658433,35.888389],[128.658762,35.887873],[128.662082,35.889604],[128.661978,35.886679],[128.660815,35.884572],[128.65887,35.88439],[128.658197,35.88361],[128.656351,35.883865],[128.655654,35.882394],[128.654416,35.88214],[128.653945,35.881238],[128.651063,35.881976],[128.647184,35.885542],[128.646027,35.886314],[128.64543,35.885884],[128.641402,35.888482],[128.645372,35.895273],[128.646285,35.895523],[128.646961,35.897522],[128.64614,35.89766],[128.647222,35.899634],[128.646593,35.901688],[128.647,35.902793],[128.652357,35.907556],[128.654786,35.907623],[128.655527,35.908688]]]}},{"type":"Feature","properties":{"adm_cd":"22020680","gu":"동구","dong":"방촌동","pop06":273,"cap":547,"enr":216,"cov":200.4,"use":79.1,"fill":39.5,"type":"질적미스매치","rcov":137.4,"area":1.3,"price":973.0,"age":28.0},"geometry":{"type":"Polygon","coordinates":[[[128.656351,35.883865],[128.661433,35.883074],[128.667884,35.880183],[128.674693,35.87816],[128.67504,35.877619],[128.672891,35.873226],[128.667363,35.872428],[128.663902,35.873108],[128.660817,35.874674],[128.659399,35.876812],[128.653945,35.881238],[128.654416,35.88214],[128.655654,35.882394],[128.656351,35.883865]]]}},{"type":"Feature","properties":{"adm_cd":"22020690","gu":"동구","dong":"해안동","pop06":244,"cap":218,"enr":90,"cov":89.3,"use":36.9,"fill":41.3,"type":"이중취약","rcov":39.6,"area":13.3,"price":1246.0,"age":8.0},"geometry":{"type":"Polygon","coordinates":[[[128.68896,35.919393],[128.694966,35.919518],[128.698785,35.918249],[128.700494,35.914975],[128.701938,35.914735],[128.703246,35.912971],[128.706313,35.911822],[128.708582,35.908627],[128.707221,35.904771],[128.705457,35.90337],[128.705015,35.901842],[128.702068,35.898674],[128.698653,35.896666],[128.700693,35.894466],[128.701624,35.89115],[128.700887,35.890709],[128.701078,35.889493],[128.697965,35.88664],[128.699003,35.880461],[128.694916,35.880293],[128.692735,35.881063],[128.690923,35.88003],[128.689561,35.881981],[128.689915,35.882612],[128.687435,35.882847],[128.684996,35.880189],[128.684637,35.877852],[128.67504,35.877619],[128.674668,35.878173],[128.667884,35.880183],[128.661669,35.882991],[128.658197,35.88361],[128.65887,35.88439],[128.660819,35.884577],[128.661978,35.886679],[128.662004,35.889867],[128.663171,35.891604],[128.665169,35.892888],[128.669294,35.894051],[128.670822,35.895452],[128.670123,35.899461],[128.669224,35.90015],[128.670231,35.90154],[128.669229,35.905314],[128.670724,35.907817],[128.670018,35.910476],[128.671079,35.912773],[128.674291,35.91309],[128.677523,35.916495],[128.681699,35.917975],[128.685723,35.920431],[128.68896,35.919393]]]}},{"type":"Feature","properties":{"adm_cd":"22020710","gu":"동구","dong":"공산동","pop06":621,"cap":722,"enr":382,"cov":116.3,"use":61.5,"fill":52.9,"type":"질적미스매치","rcov":142.5,"area":83.5,"price":1201.0,"age":6.0},"geometry":{"type":"Polygon","coordinates":[[[128.695596,36.016165],[128.696801,36.013172],[128.701382,36.010853],[128.711851,36.009162],[128.713667,36.008334],[128.717865,36.008127],[128.722659,36.006131],[128.724719,36.004038],[128.726358,36.003653],[128.727814,36.002227],[128.728606,36.000719],[128.728213,35.998355],[128.731873,35.997527],[128.733814,35.995426],[128.734204,35.994615],[128.733602,35.993924],[128.734856,35.992956],[128.731592,35.989381],[128.730974,35.985361],[128.73224,35.983753],[128.736703,35.981149],[128.738823,35.976805],[128.745335,35.974031],[128.74621,35.972869],[128.745397,35.969219],[128.745944,35.96761],[128.744312,35.966619],[128.743453,35.964757],[128.742995,35.959945],[128.738906,35.957237],[128.737961,35.955943],[128.739811,35.954797],[128.740671,35.953305],[128.740944,35.951618],[128.742439,35.949601],[128.742247,35.947793],[128.743577,35.946801],[128.744087,35.943958],[128.739745,35.937472],[128.737444,35.937516],[128.735926,35.938522],[128.733869,35.938444],[128.726461,35.940249],[128.7219,35.940058],[128.716671,35.942061],[128.713722,35.941767],[128.710181,35.942611],[128.710132,35.943233],[128.70763,35.942742],[128.705582,35.943734],[128.70047,35.942365],[128.698009,35.943405],[128.695191,35.946175],[128.692045,35.946114],[128.690488,35.945214],[128.686007,35.945202],[128.685634,35.946371],[128.682884,35.947692],[128.67897,35.945644],[128.672536,35.945176],[128.670818,35.943705],[128.669278,35.94429],[128.668231,35.943275],[128.668867,35.942898],[128.665602,35.940297],[128.662758,35.933104],[128.654387,35.937671],[128.650324,35.937779],[128.648695,35.939163],[128.647761,35.938712],[128.647947,35.937932],[128.647038,35.937677],[128.642706,35.938247],[128.641665,35.935223],[128.640896,35.934459],[128.638061,35.933596],[128.631553,35.93612],[128.628032,35.935469],[128.625259,35.935683],[128.624978,35.93832],[128.626603,35.939515],[128.62658,35.945369],[128.625091,35.946166],[128.623315,35.946186],[128.623155,35.948439],[128.623446,35.952288],[128.624619,35.953178],[128.62429,35.954641],[128.626563,35.956558],[128.626695,35.958132],[128.625156,35.960695],[128.622529,35.962173],[128.62215,35.963425],[128.62326,35.965479],[128.62295,35.965965],[128.621529,35.966991],[128.62038,35.969094],[128.618297,35.970574],[128.61976,35.974746],[128.618915,35.976488],[128.614979,35.978123],[128.614856,35.979566],[128.612017,35.983322],[128.606265,35.9871],[128.603359,35.987987],[128.606509,35.992084],[128.608643,35.993597],[128.610053,35.996747],[128.611564,35.997662],[128.612516,35.999297],[128.615717,36.000977],[128.617486,36.006737],[128.621883,36.00603],[128.623598,36.006395],[128.624456,36.007657],[128.626099,36.007853],[128.630581,36.007121],[128.634846,36.00903],[128.639959,36.009571],[128.640866,36.010572],[128.644719,36.010474],[128.651011,36.007307],[128.653091,36.008065],[128.654191,36.009455],[128.665436,36.01051],[128.666723,36.012143],[128.669523,36.013266],[128.677453,36.013246],[128.680086,36.014816],[128.687083,36.01413],[128.690371,36.015557],[128.695596,36.016165]]]}},{"type":"Feature","properties":{"adm_cd":"22020730","gu":"동구","dong":"안심1동","pop06":1025,"cap":1397,"enr":734,"cov":136.3,"use":71.6,"fill":52.5,"type":"질적미스매치","rcov":118.7,"area":3.3,"price":1222.0,"age":15.0},"geometry":{"type":"Polygon","coordinates":[[[128.697207,35.874628],[128.698013,35.874287],[128.697161,35.873592],[128.709359,35.872317],[128.708922,35.870691],[128.708096,35.870295],[128.707993,35.865428],[128.70668,35.863954],[128.70636,35.861612],[128.704847,35.86032],[128.703745,35.857589],[128.699211,35.857831],[128.697807,35.85872],[128.691684,35.858811],[128.688663,35.859503],[128.686022,35.858967],[128.682652,35.860808],[128.681481,35.860678],[128.680024,35.862144],[128.679891,35.866694],[128.686606,35.868261],[128.686215,35.869678],[128.691392,35.870654],[128.695418,35.872783],[128.697207,35.874628]]]}},{"type":"Feature","properties":{"adm_cd":"22020740","gu":"동구","dong":"안심2동","pop06":884,"cap":889,"enr":514,"cov":100.6,"use":58.1,"fill":57.8,"type":"질적미스매치","rcov":109.9,"area":13.4,"price":1379.0,"age":4.0},"geometry":{"type":"Polygon","coordinates":[[[128.733928,35.929871],[128.734775,35.929256],[128.736709,35.929574],[128.740096,35.925661],[128.742546,35.921436],[128.743445,35.918147],[128.741912,35.915339],[128.740922,35.915052],[128.739507,35.911346],[128.739883,35.910379],[128.73349,35.90501],[128.726563,35.903186],[128.722697,35.900106],[128.717806,35.900593],[128.715461,35.89882],[128.712609,35.893175],[128.710334,35.892373],[128.709738,35.892825],[128.71032,35.893294],[128.709382,35.892957],[128.707145,35.886672],[128.707897,35.885772],[128.708986,35.879982],[128.709982,35.879025],[128.711315,35.878855],[128.711105,35.877358],[128.707874,35.878159],[128.708244,35.875817],[128.710204,35.875759],[128.710161,35.873545],[128.711966,35.873112],[128.711899,35.872641],[128.70979,35.872282],[128.697161,35.873592],[128.698013,35.874287],[128.697207,35.874628],[128.695418,35.872783],[128.691392,35.870654],[128.686215,35.869678],[128.686606,35.868261],[128.679891,35.866694],[128.675779,35.87331],[128.673106,35.873832],[128.674719,35.87768],[128.684637,35.877852],[128.684996,35.880189],[128.687435,35.882847],[128.689915,35.882612],[128.689561,35.881981],[128.690923,35.88003],[128.692735,35.881063],[128.694916,35.880293],[128.699003,35.880461],[128.697965,35.88664],[128.701078,35.889493],[128.700887,35.890709],[128.701624,35.89115],[128.700693,35.894466],[128.698653,35.896666],[128.702068,35.898674],[128.705015,35.901842],[128.705457,35.90337],[128.707221,35.904771],[128.708582,35.908627],[128.706313,35.911822],[128.703246,35.912971],[128.702969,35.913716],[128.70616,35.916063],[128.706312,35.917863],[128.708444,35.918295],[128.708742,35.919157],[128.709918,35.919487],[128.711921,35.921706],[128.715912,35.922535],[128.716343,35.923243],[128.718127,35.923779],[128.717972,35.925161],[128.71978,35.927755],[128.719298,35.928434],[128.720572,35.929097],[128.722613,35.928912],[128.725434,35.929823],[128.72855,35.929066],[128.733928,35.929871]]]}},{"type":"Feature","properties":{"adm_cd":"22020760","gu":"동구","dong":"안심3동","pop06":817,"cap":777,"enr":419,"cov":95.1,"use":51.3,"fill":53.9,"type":"이중취약","rcov":88.8,"area":6.0,"price":938.0,"age":23.0},"geometry":{"type":"Polygon","coordinates":[[[128.759472,35.871361],[128.75773,35.870029],[128.759871,35.86846],[128.759795,35.866075],[128.755098,35.863577],[128.750752,35.857509],[128.745489,35.855864],[128.740823,35.852269],[128.737454,35.851161],[128.73502,35.851442],[128.733469,35.852339],[128.726615,35.856856],[128.724113,35.859942],[128.715636,35.861228],[128.71358,35.865457],[128.713584,35.866007],[128.718095,35.865956],[128.732602,35.870853],[128.734646,35.874802],[128.738189,35.873929],[128.743856,35.870978],[128.747766,35.870276],[128.761047,35.874771],[128.761167,35.874224],[128.759548,35.873001],[128.759472,35.871361]]]}},{"type":"Feature","properties":{"adm_cd":"22020770","gu":"동구","dong":"안심4동","pop06":815,"cap":1403,"enr":733,"cov":172.1,"use":89.9,"fill":52.2,"type":"질적미스매치","rcov":152.0,"area":2.6,"price":939.0,"age":17.0},"geometry":{"type":"Polygon","coordinates":[[[128.734646,35.874802],[128.732602,35.870853],[128.718095,35.865956],[128.713584,35.866007],[128.715636,35.861228],[128.711434,35.860819],[128.707504,35.858246],[128.703745,35.857589],[128.704847,35.86032],[128.70636,35.861612],[128.70668,35.863954],[128.707993,35.865428],[128.708096,35.870295],[128.708922,35.870691],[128.709099,35.872182],[128.711944,35.872742],[128.710161,35.873545],[128.710204,35.875759],[128.708244,35.875817],[128.707886,35.878227],[128.711105,35.877358],[128.711035,35.87697],[128.734646,35.874802]]]}},{"type":"Feature","properties":{"adm_cd":"22020780","gu":"동구","dong":"혁신동","pop06":855,"cap":1194,"enr":735,"cov":139.6,"use":86.0,"fill":61.6,"type":"질적미스매치","rcov":55.4,"area":16.6,"price":1053.0,"age":11.0},"geometry":{"type":"Polygon","coordinates":[[[128.745593,35.918606],[128.7522,35.916737],[128.755296,35.915005],[128.759801,35.906833],[128.75792,35.906029],[128.756735,35.904667],[128.757287,35.897586],[128.760218,35.890861],[128.762693,35.888498],[128.761267,35.887843],[128.760995,35.883512],[128.758732,35.878553],[128.756924,35.877833],[128.757515,35.875967],[128.758718,35.876207],[128.761047,35.874771],[128.751006,35.871056],[128.746489,35.870306],[128.743856,35.870978],[128.73609,35.87458],[128.711035,35.87697],[128.711315,35.878855],[128.709982,35.879025],[128.708986,35.879982],[128.707897,35.885772],[128.707145,35.886672],[128.709382,35.892957],[128.71032,35.893294],[128.709738,35.892825],[128.710334,35.892373],[128.712609,35.893175],[128.715461,35.89882],[128.717806,35.900593],[128.722697,35.900106],[128.726563,35.903186],[128.73349,35.90501],[128.739883,35.910379],[128.739507,35.911346],[128.740922,35.915052],[128.741912,35.915339],[128.743445,35.918147],[128.742831,35.920284],[128.745593,35.918606]]]}},{"type":"Feature","properties":{"adm_cd":"22030510","gu":"서구","dong":"내당1동","pop06":731,"cap":358,"enr":318,"cov":49.0,"use":43.5,"fill":88.8,"type":"물리적부족","rcov":79.7,"area":0.6,"price":2354.0,"age":1.0},"geometry":{"type":"Polygon","coordinates":[[[128.56614,35.863766],[128.567201,35.863703],[128.567809,35.860935],[128.557392,35.857842],[128.556176,35.863511],[128.565578,35.866173],[128.56614,35.863766]]]}},{"type":"Feature","properties":{"adm_cd":"22030520","gu":"서구","dong":"내당2·3동","pop06":89,"cap":185,"enr":169,"cov":207.9,"use":189.9,"fill":91.4,"type":"양호","rcov":85.6,"area":0.5,"price":719.0,"age":21.0},"geometry":{"type":"Polygon","coordinates":[[[128.579611,35.870331],[128.573773,35.865375],[128.574177,35.862601],[128.567809,35.860935],[128.567201,35.863703],[128.566183,35.863551],[128.565578,35.866173],[128.573286,35.867644],[128.575524,35.869059],[128.576775,35.86893],[128.578784,35.870737],[128.579611,35.870331]]]}},{"type":"Feature","properties":{"adm_cd":"22030530","gu":"서구","dong":"내당4동","pop06":146,"cap":262,"enr":135,"cov":179.5,"use":92.5,"fill":51.5,"type":"질적미스매치","rcov":79.3,"area":0.8,"price":841.0,"age":45.0},"geometry":{"type":"Polygon","coordinates":[[[128.557392,35.857842],[128.548091,35.854304],[128.547447,35.856529],[128.545058,35.856069],[128.543642,35.860012],[128.54913,35.862475],[128.556176,35.863511],[128.557392,35.857842]]]}},{"type":"Feature","properties":{"adm_cd":"22030540","gu":"서구","dong":"비산1동","pop06":77,"cap":141,"enr":60,"cov":183.1,"use":77.9,"fill":42.6,"type":"질적미스매치","rcov":101.8,"area":0.4,"price":553.0,"age":47.0},"geometry":{"type":"Polygon","coordinates":[[[128.570202,35.884366],[128.572657,35.882829],[128.571424,35.879605],[128.568105,35.879503],[128.568264,35.880352],[128.560628,35.880377],[128.557792,35.881398],[128.566243,35.884218],[128.570202,35.884366]]]}},{"type":"Feature","properties":{"adm_cd":"22030550","gu":"서구","dong":"비산2·3동","pop06":47,"cap":245,"enr":155,"cov":521.3,"use":329.8,"fill":63.3,"type":"질적미스매치","rcov":78.7,"area":0.6,"price":849.0,"age":14.0},"geometry":{"type":"Polygon","coordinates":[[[128.575912,35.88015],[128.577735,35.879578],[128.577955,35.876606],[128.579104,35.875393],[128.576689,35.876163],[128.575584,35.873096],[128.576759,35.871883],[128.579395,35.872803],[128.579611,35.870331],[128.576458,35.871902],[128.571128,35.872324],[128.571322,35.879081],[128.572657,35.882829],[128.575912,35.88015]]]}},{"type":"Feature","properties":{"adm_cd":"22030560","gu":"서구","dong":"비산4동","pop06":63,"cap":153,"enr":97,"cov":242.9,"use":154.0,"fill":63.4,"type":"질적미스매치","rcov":76.7,"area":0.4,"price":863.0,"age":21.0},"geometry":{"type":"Polygon","coordinates":[[[128.567777,35.872019],[128.576458,35.871902],[128.578842,35.870769],[128.577281,35.869225],[128.575524,35.869059],[128.574468,35.868061],[128.56797,35.866694],[128.568642,35.868575],[128.567777,35.872019]]]}},{"type":"Feature","properties":{"adm_cd":"22030570","gu":"서구","dong":"비산5동","pop06":42,"cap":234,"enr":201,"cov":557.1,"use":478.6,"fill":85.9,"type":"양호","rcov":88.1,"area":0.3,"price":590.0,"age":44.0},"geometry":{"type":"Polygon","coordinates":[[[128.562975,35.889569],[128.568503,35.888757],[128.573477,35.884838],[128.572643,35.882841],[128.570201,35.884376],[128.566134,35.88419],[128.562975,35.889569]]]}},{"type":"Feature","properties":{"adm_cd":"22030580","gu":"서구","dong":"비산6동","pop06":58,"cap":0,"enr":0,"cov":0.0,"use":0.0,"fill":null,"type":"완전공백","rcov":86.5,"area":0.3,"price":848.0,"age":23.0},"geometry":{"type":"Polygon","coordinates":[[[128.571424,35.879605],[128.571128,35.872324],[128.567158,35.872104],[128.567029,35.875791],[128.568257,35.877595],[128.568105,35.879503],[128.571424,35.879605]]]}},{"type":"Feature","properties":{"adm_cd":"22030590","gu":"서구","dong":"비산7동","pop06":192,"cap":186,"enr":130,"cov":96.9,"use":67.7,"fill":69.9,"type":"물리적부족","rcov":71.3,"area":2.8,"price":693.0,"age":16.0},"geometry":{"type":"Polygon","coordinates":[[[128.551894,35.897218],[128.553261,35.895445],[128.551786,35.894005],[128.554363,35.891191],[128.562975,35.889569],[128.566134,35.88419],[128.55499,35.880886],[128.555446,35.882007],[128.554902,35.882149],[128.536696,35.883387],[128.535107,35.884084],[128.533257,35.883784],[128.533933,35.885671],[128.536165,35.886454],[128.538771,35.891506],[128.540883,35.893515],[128.551894,35.897218]]]}},{"type":"Feature","properties":{"adm_cd":"22030600","gu":"서구","dong":"평리1동","pop06":71,"cap":120,"enr":119,"cov":169.0,"use":167.6,"fill":99.2,"type":"양호","rcov":71.7,"area":0.4,"price":937.0,"age":11.0},"geometry":{"type":"Polygon","coordinates":[[[128.563033,35.871919],[128.563145,35.880582],[128.568264,35.880352],[128.568257,35.877595],[128.567029,35.875791],[128.567157,35.872112],[128.563033,35.871919]]]}},{"type":"Feature","properties":{"adm_cd":"22030610","gu":"서구","dong":"평리2동","pop06":127,"cap":65,"enr":54,"cov":51.2,"use":42.5,"fill":83.1,"type":"물리적부족","rcov":76.9,"area":0.3,"price":1099.0,"age":17.0},"geometry":{"type":"Polygon","coordinates":[[[128.567654,35.872125],[128.568642,35.868575],[128.56797,35.866694],[128.56381,35.865708],[128.562885,35.871893],[128.567654,35.872125]]]}},{"type":"Feature","properties":{"adm_cd":"22030620","gu":"서구","dong":"평리3동","pop06":498,"cap":419,"enr":320,"cov":84.1,"use":64.3,"fill":76.4,"type":"물리적부족","rcov":86.9,"area":0.8,"price":1891.0,"age":3.0},"geometry":{"type":"Polygon","coordinates":[[[128.558535,35.881151],[128.560628,35.880377],[128.563166,35.880617],[128.562885,35.871893],[128.554933,35.870452],[128.554711,35.879734],[128.555282,35.880905],[128.558535,35.881151]]]}},{"type":"Feature","properties":{"adm_cd":"22030630","gu":"서구","dong":"평리4동","pop06":268,"cap":258,"enr":159,"cov":96.3,"use":59.3,"fill":61.6,"type":"이중취약","rcov":88.2,"area":0.7,"price":1196.0,"age":15.0},"geometry":{"type":"Polygon","coordinates":[[[128.562885,35.871893],[128.56381,35.865708],[128.553451,35.863043],[128.552164,35.869941],[128.562885,35.871893]]]}},{"type":"Feature","properties":{"adm_cd":"22030640","gu":"서구","dong":"평리5동","pop06":1188,"cap":288,"enr":241,"cov":24.2,"use":20.3,"fill":83.7,"type":"물리적부족","rcov":61.9,"area":0.4,"price":1887.0,"age":3.0},"geometry":{"type":"Polygon","coordinates":[[[128.546563,35.868913],[128.546834,35.873971],[128.554913,35.875565],[128.554933,35.870452],[128.546563,35.868913]]]}},{"type":"Feature","properties":{"adm_cd":"22030650","gu":"서구","dong":"평리6동","pop06":301,"cap":165,"enr":111,"cov":54.8,"use":36.9,"fill":67.3,"type":"물리적부족","rcov":55.0,"area":0.7,"price":1644.0,"age":3.0},"geometry":{"type":"Polygon","coordinates":[[[128.542675,35.882959],[128.555446,35.882007],[128.554695,35.879621],[128.554913,35.875565],[128.546834,35.873971],[128.547264,35.878907],[128.545632,35.878843],[128.545638,35.880601],[128.544901,35.881066],[128.542328,35.881198],[128.542675,35.882959]]]}},{"type":"Feature","properties":{"adm_cd":"22030660","gu":"서구","dong":"상중이동","pop06":259,"cap":687,"enr":566,"cov":265.3,"use":218.5,"fill":82.4,"type":"양호","rcov":72.4,"area":6.8,"price":969.0,"age":17.0},"geometry":{"type":"Polygon","coordinates":[[[128.528442,35.886303],[128.533933,35.885671],[128.533257,35.883784],[128.535107,35.884084],[128.536696,35.883387],[128.542504,35.882964],[128.542328,35.881198],[128.544901,35.881066],[128.545638,35.880601],[128.545632,35.878843],[128.547264,35.878907],[128.546562,35.868913],[128.552164,35.869941],[128.553451,35.863043],[128.54913,35.862475],[128.543642,35.860012],[128.545058,35.856069],[128.540206,35.856273],[128.540552,35.857684],[128.539961,35.858722],[128.533272,35.858754],[128.533907,35.862059],[128.532864,35.861579],[128.527596,35.861644],[128.526495,35.863207],[128.52739,35.864861],[128.525457,35.865853],[128.524821,35.867118],[128.520667,35.867485],[128.518795,35.869642],[128.521152,35.872654],[128.520019,35.87732],[128.516347,35.883073],[128.516617,35.883808],[128.520833,35.885921],[128.524809,35.886433],[128.526363,35.88834],[128.528442,35.886303]]]}},{"type":"Feature","properties":{"adm_cd":"22030680","gu":"서구","dong":"원대동","pop06":337,"cap":707,"enr":232,"cov":209.8,"use":68.8,"fill":32.8,"type":"질적미스매치","rcov":90.3,"area":0.6,"price":2110.0,"age":3.0},"geometry":{"type":"Polygon","coordinates":[[[128.568503,35.888757],[128.575925,35.887596],[128.581845,35.885104],[128.579997,35.879132],[128.576709,35.879813],[128.574811,35.880953],[128.572643,35.882841],[128.573477,35.884838],[128.568503,35.888757]]]}},{"type":"Feature","properties":{"adm_cd":"22040510","gu":"남구","dong":"이천동","pop06":677,"cap":405,"enr":367,"cov":59.8,"use":54.2,"fill":90.6,"type":"물리적부족","rcov":59.9,"area":1.1,"price":1226.0,"age":20.0},"geometry":{"type":"Polygon","coordinates":[[[128.594764,35.856558],[128.598081,35.855524],[128.60831,35.854906],[128.608835,35.853279],[128.607796,35.847119],[128.608082,35.844741],[128.60624,35.844852],[128.605362,35.845799],[128.604092,35.846045],[128.604186,35.846887],[128.600613,35.847211],[128.598832,35.850198],[128.595554,35.849962],[128.595436,35.851876],[128.594193,35.853012],[128.593797,35.854465],[128.594764,35.856558]]]}},{"type":"Feature","properties":{"adm_cd":"22040530","gu":"남구","dong":"봉덕1동","pop06":104,"cap":87,"enr":81,"cov":83.7,"use":77.9,"fill":93.1,"type":"물리적부족","rcov":77.4,"area":0.5,"price":1284.0,"age":18.0},"geometry":{"type":"Polygon","coordinates":[[[128.598832,35.850198],[128.600613,35.847211],[128.604186,35.846887],[128.604092,35.846045],[128.606506,35.844786],[128.606753,35.843165],[128.604354,35.843413],[128.603916,35.844468],[128.590508,35.84532],[128.590533,35.847664],[128.591508,35.84833],[128.592101,35.848561],[128.592376,35.847743],[128.594459,35.847878],[128.59576,35.849868],[128.598832,35.850198]]]}},{"type":"Feature","properties":{"adm_cd":"22040540","gu":"남구","dong":"봉덕2동","pop06":627,"cap":394,"enr":305,"cov":62.8,"use":48.6,"fill":77.4,"type":"물리적부족","rcov":71.9,"area":3.3,"price":1694.0,"age":6.0},"geometry":{"type":"Polygon","coordinates":[[[128.606506,35.844786],[128.608083,35.844739],[128.607398,35.84002],[128.60644,35.839114],[128.605719,35.835361],[128.607656,35.827103],[128.606191,35.827566],[128.604955,35.826799],[128.604214,35.822518],[128.599833,35.81479],[128.598622,35.814925],[128.598171,35.814299],[128.594298,35.81309],[128.592317,35.811265],[128.592157,35.809627],[128.589858,35.808061],[128.584175,35.807193],[128.583704,35.809229],[128.582196,35.811265],[128.586419,35.813176],[128.587542,35.814712],[128.587391,35.8159],[128.592019,35.819918],[128.595129,35.82367],[128.595901,35.825215],[128.594648,35.827841],[128.5956,35.828748],[128.596561,35.828465],[128.597439,35.832234],[128.601776,35.834036],[128.599623,35.840273],[128.600623,35.841763],[128.600901,35.844668],[128.603916,35.844468],[128.604113,35.843549],[128.606127,35.843122],[128.606753,35.843165],[128.606506,35.844786]]]}},{"type":"Feature","properties":{"adm_cd":"22040550","gu":"남구","dong":"봉덕3동","pop06":254,"cap":473,"enr":431,"cov":186.2,"use":169.7,"fill":91.1,"type":"양호","rcov":70.8,"area":2.7,"price":732.0,"age":35.0},"geometry":{"type":"Polygon","coordinates":[[[128.600901,35.844668],[128.599623,35.840273],[128.601756,35.834],[128.597439,35.832234],[128.596561,35.828465],[128.5956,35.828748],[128.594648,35.827841],[128.595901,35.825215],[128.595129,35.82367],[128.592019,35.819918],[128.587391,35.8159],[128.587542,35.814712],[128.586419,35.813176],[128.582196,35.811265],[128.581641,35.812028],[128.582136,35.813002],[128.584365,35.815308],[128.584678,35.81758],[128.586421,35.819559],[128.586083,35.82311],[128.588647,35.825476],[128.589868,35.828512],[128.586384,35.838641],[128.591371,35.839953],[128.592555,35.842822],[128.590451,35.842496],[128.590508,35.84532],[128.600901,35.844668]]]}},{"type":"Feature","properties":{"adm_cd":"22040560","gu":"남구","dong":"대명1동","pop06":121,"cap":451,"enr":84,"cov":372.7,"use":69.4,"fill":18.6,"type":"질적미스매치","rcov":136.9,"area":0.5,"price":727.0,"age":46.0},"geometry":{"type":"Polygon","coordinates":[[[128.580086,35.846741],[128.580395,35.840495],[128.577483,35.839091],[128.576441,35.839237],[128.569816,35.844042],[128.572275,35.845574],[128.576053,35.845068],[128.576848,35.845936],[128.578265,35.845918],[128.578478,35.846796],[128.580086,35.846741]]]}},{"type":"Feature","properties":{"adm_cd":"22040570","gu":"남구","dong":"대명2동","pop06":616,"cap":266,"enr":254,"cov":43.2,"use":41.2,"fill":95.5,"type":"물리적부족","rcov":77.7,"area":0.9,"price":2129.0,"age":4.0},"geometry":{"type":"Polygon","coordinates":[[[128.594747,35.856494],[128.593836,35.854077],[128.595436,35.851876],[128.595179,35.850648],[128.595817,35.849586],[128.594459,35.847878],[128.592376,35.847743],[128.592101,35.848561],[128.590706,35.847744],[128.589536,35.849703],[128.587439,35.849147],[128.587798,35.847854],[128.587189,35.848624],[128.585666,35.848262],[128.585437,35.849276],[128.583199,35.848887],[128.582933,35.849755],[128.583481,35.849727],[128.58483,35.851885],[128.584228,35.856454],[128.590667,35.857271],[128.594747,35.856494]]]}},{"type":"Feature","properties":{"adm_cd":"22040580","gu":"남구","dong":"대명3동","pop06":254,"cap":348,"enr":235,"cov":137.0,"use":92.5,"fill":67.5,"type":"양호","rcov":107.0,"area":1.0,"price":812.0,"age":46.0},"geometry":{"type":"Polygon","coordinates":[[[128.57457,35.860015],[128.582863,35.856334],[128.584228,35.856454],[128.58483,35.851885],[128.583481,35.849727],[128.582933,35.849755],[128.583749,35.846967],[128.584797,35.846493],[128.584821,35.845306],[128.582478,35.845856],[128.580562,35.847251],[128.580192,35.846757],[128.5785,35.846804],[128.579152,35.84758],[128.57825,35.847887],[128.577244,35.850963],[128.573607,35.851216],[128.57457,35.860015]]]}},{"type":"Feature","properties":{"adm_cd":"22040590","gu":"남구","dong":"대명4동","pop06":109,"cap":324,"enr":159,"cov":297.2,"use":145.9,"fill":49.1,"type":"질적미스매치","rcov":112.4,"area":0.7,"price":527.0,"age":39.0},"geometry":{"type":"Polygon","coordinates":[[[128.577244,35.850963],[128.57825,35.847887],[128.579152,35.84758],[128.578265,35.845918],[128.576848,35.845936],[128.576053,35.845068],[128.572275,35.845574],[128.56911,35.843346],[128.566197,35.843191],[128.561112,35.841476],[128.56199,35.84343],[128.565097,35.845915],[128.573607,35.851216],[128.577244,35.850963]]]}},{"type":"Feature","properties":{"adm_cd":"22040600","gu":"남구","dong":"대명5동","pop06":409,"cap":212,"enr":155,"cov":51.8,"use":37.9,"fill":73.1,"type":"물리적부족","rcov":120.9,"area":0.9,"price":2112.0,"age":2.0},"geometry":{"type":"Polygon","coordinates":[[[128.589536,35.849703],[128.590722,35.848523],[128.590451,35.842496],[128.592555,35.842822],[128.591322,35.839893],[128.585755,35.838583],[128.584965,35.838703],[128.584954,35.839671],[128.582813,35.841623],[128.579972,35.840731],[128.580166,35.847221],[128.582478,35.845856],[128.584821,35.845306],[128.585019,35.8456],[128.584797,35.846493],[128.583749,35.846967],[128.583199,35.848887],[128.585437,35.849276],[128.585666,35.848262],[128.587189,35.848624],[128.587798,35.847854],[128.587439,35.849147],[128.589536,35.849703]]]}},{"type":"Feature","properties":{"adm_cd":"22040610","gu":"남구","dong":"대명6동","pop06":301,"cap":178,"enr":105,"cov":59.1,"use":34.9,"fill":59.0,"type":"이중취약","rcov":150.1,"area":1.8,"price":2020.0,"age":4.0},"geometry":{"type":"Polygon","coordinates":[[[128.571406,35.839401],[128.571375,35.831317],[128.573748,35.830356],[128.573915,35.829752],[128.574761,35.830227],[128.578907,35.826174],[128.578422,35.825527],[128.579183,35.824162],[128.578723,35.818882],[128.578146,35.817599],[128.575722,35.816263],[128.57504,35.817177],[128.570777,35.819408],[128.57099,35.822029],[128.565976,35.829761],[128.56692,35.829962],[128.564991,35.832852],[128.564845,35.8349],[128.562819,35.834888],[128.560814,35.838372],[128.564735,35.839235],[128.571406,35.839401]]]}},{"type":"Feature","properties":{"adm_cd":"22040640","gu":"남구","dong":"대명9동","pop06":196,"cap":458,"enr":356,"cov":233.7,"use":181.6,"fill":77.7,"type":"양호","rcov":126.6,"area":3.1,"price":829.0,"age":28.0},"geometry":{"type":"Polygon","coordinates":[[[128.584962,35.838996],[128.586472,35.838575],[128.589868,35.828512],[128.588647,35.825476],[128.586083,35.82311],[128.586421,35.819559],[128.584678,35.81758],[128.584365,35.815308],[128.582136,35.813002],[128.58207,35.812081],[128.579909,35.811745],[128.575722,35.816263],[128.578146,35.817599],[128.578723,35.818882],[128.579183,35.824162],[128.578422,35.825527],[128.578907,35.826174],[128.574761,35.830227],[128.573915,35.829752],[128.573748,35.830356],[128.571375,35.831317],[128.571406,35.839401],[128.57726,35.839039],[128.582813,35.841623],[128.584954,35.839671],[128.584962,35.838996]]]}},{"type":"Feature","properties":{"adm_cd":"22040650","gu":"남구","dong":"대명10동","pop06":80,"cap":98,"enr":17,"cov":122.5,"use":21.2,"fill":17.3,"type":"질적미스매치","rcov":145.1,"area":0.5,"price":829.0,"age":45.0},"geometry":{"type":"Polygon","coordinates":[[[128.569816,35.844042],[128.57676,35.839084],[128.564735,35.839235],[128.557509,35.83763],[128.560927,35.842051],[128.56115,35.841462],[128.566197,35.843191],[128.56911,35.843346],[128.569816,35.844042]]]}},{"type":"Feature","properties":{"adm_cd":"22040660","gu":"남구","dong":"대명11동","pop06":84,"cap":123,"enr":36,"cov":146.4,"use":42.9,"fill":29.3,"type":"질적미스매치","rcov":145.7,"area":0.9,"price":1232.0,"age":5.0},"geometry":{"type":"Polygon","coordinates":[[[128.560814,35.838372],[128.562819,35.834888],[128.564845,35.8349],[128.564991,35.832852],[128.566847,35.830279],[128.565976,35.829761],[128.568653,35.824986],[128.567298,35.823486],[128.563116,35.824327],[128.560105,35.830337],[128.557572,35.833374],[128.5555,35.834411],[128.557603,35.837621],[128.560814,35.838372]]]}},{"type":"Feature","properties":{"adm_cd":"22050510","gu":"북구","dong":"고성동","pop06":1608,"cap":579,"enr":548,"cov":36.0,"use":34.1,"fill":94.6,"type":"물리적부족","rcov":71.5,"area":0.5,"price":2234.0,"age":3.0},"geometry":{"type":"Polygon","coordinates":[[[128.581845,35.885105],[128.590157,35.883388],[128.588349,35.877473],[128.579997,35.879132],[128.581845,35.885105]]]}},{"type":"Feature","properties":{"adm_cd":"22050520","gu":"북구","dong":"칠성동","pop06":971,"cap":521,"enr":402,"cov":53.7,"use":41.4,"fill":77.2,"type":"물리적부족","rcov":75.8,"area":1.4,"price":1564.0,"age":14.0},"geometry":{"type":"Polygon","coordinates":[[[128.58533,35.886229],[128.592185,35.885479],[128.591864,35.883939],[128.592923,35.883715],[128.592698,35.882992],[128.595055,35.882669],[128.597708,35.881099],[128.597777,35.881973],[128.600388,35.883522],[128.601831,35.885489],[128.602409,35.881235],[128.605085,35.877112],[128.608369,35.875824],[128.608674,35.87614],[128.610617,35.874971],[128.604395,35.873794],[128.600081,35.875017],[128.594858,35.875315],[128.594619,35.876045],[128.588287,35.877285],[128.590157,35.883388],[128.584117,35.884626],[128.585519,35.885545],[128.58533,35.886229]]]}},{"type":"Feature","properties":{"adm_cd":"22050550","gu":"북구","dong":"침산1동","pop06":48,"cap":0,"enr":0,"cov":0.0,"use":0.0,"fill":null,"type":"완전공백","rcov":133.5,"area":1.6,"price":560.0,"age":29.0},"geometry":{"type":"Polygon","coordinates":[[[128.587525,35.906511],[128.59418,35.905569],[128.593812,35.901193],[128.590114,35.900709],[128.587893,35.901034],[128.588316,35.899073],[128.585166,35.89329],[128.583961,35.892313],[128.583804,35.89027],[128.58042,35.890276],[128.578957,35.891478],[128.578485,35.893083],[128.577516,35.893299],[128.578425,35.896694],[128.577803,35.896793],[128.578446,35.896764],[128.578752,35.897815],[128.577965,35.897871],[128.578774,35.897888],[128.579405,35.899517],[128.578873,35.903398],[128.577933,35.903422],[128.578443,35.904168],[128.579784,35.904912],[128.579612,35.905462],[128.581737,35.90603],[128.587525,35.906511]]]}},{"type":"Feature","properties":{"adm_cd":"22050560","gu":"북구","dong":"침산2동","pop06":811,"cap":754,"enr":721,"cov":93.0,"use":88.9,"fill":95.6,"type":"물리적부족","rcov":91.5,"area":0.8,"price":1614.0,"age":20.0},"geometry":{"type":"Polygon","coordinates":[[[128.592701,35.892874],[128.598396,35.889841],[128.601558,35.885217],[128.600388,35.883522],[128.597777,35.881973],[128.597708,35.881099],[128.595055,35.882669],[128.592698,35.882992],[128.592923,35.883715],[128.591864,35.883939],[128.592549,35.885227],[128.590647,35.885642],[128.591771,35.888128],[128.58975,35.891932],[128.592701,35.892874]]]}},{"type":"Feature","properties":{"adm_cd":"22050570","gu":"북구","dong":"침산3동","pop06":549,"cap":453,"enr":413,"cov":82.5,"use":75.2,"fill":91.2,"type":"물리적부족","rcov":73.0,"area":1.0,"price":1111.0,"age":27.0},"geometry":{"type":"Polygon","coordinates":[[[128.593597,35.900906],[128.593228,35.898634],[128.59196,35.896594],[128.591792,35.89435],[128.592701,35.892874],[128.58975,35.891932],[128.591771,35.888128],[128.590647,35.885642],[128.585806,35.886476],[128.585407,35.885419],[128.584117,35.884626],[128.581845,35.885105],[128.582861,35.889953],[128.583804,35.89027],[128.583961,35.892313],[128.585166,35.89329],[128.588316,35.899073],[128.587893,35.901034],[128.593597,35.900906]]]}},{"type":"Feature","properties":{"adm_cd":"22050610","gu":"북구","dong":"산격1동","pop06":40,"cap":103,"enr":48,"cov":257.5,"use":120.0,"fill":46.6,"type":"질적미스매치","rcov":96.4,"area":1.0,"price":555.0,"age":29.0},"geometry":{"type":"Polygon","coordinates":[[[128.606128,35.902059],[128.605527,35.900962],[128.603076,35.900517],[128.603301,35.899904],[128.599833,35.896445],[128.600661,35.89626],[128.600289,35.894181],[128.598112,35.892126],[128.600648,35.891715],[128.599447,35.891105],[128.599545,35.890187],[128.598481,35.890469],[128.598001,35.890003],[128.592367,35.893134],[128.59196,35.896594],[128.593812,35.901193],[128.601633,35.902435],[128.604875,35.902556],[128.606128,35.902059]]]}},{"type":"Feature","properties":{"adm_cd":"22050620","gu":"북구","dong":"산격2동","pop06":153,"cap":470,"enr":369,"cov":307.2,"use":241.2,"fill":78.5,"type":"양호","rcov":158.0,"area":2.2,"price":1050.0,"age":27.0},"geometry":{"type":"Polygon","coordinates":[[[128.608083,35.914604],[128.611911,35.911497],[128.61445,35.912693],[128.618946,35.906218],[128.616522,35.903776],[128.614877,35.897719],[128.604875,35.902556],[128.598074,35.902108],[128.593812,35.901193],[128.59418,35.905569],[128.598132,35.906042],[128.601868,35.908028],[128.603291,35.90999],[128.603275,35.913413],[128.60516,35.915137],[128.606897,35.916144],[128.608083,35.914604]]]}},{"type":"Feature","properties":{"adm_cd":"22050630","gu":"북구","dong":"산격3동","pop06":70,"cap":309,"enr":157,"cov":441.4,"use":224.3,"fill":50.8,"type":"질적미스매치","rcov":172.0,"area":1.2,"price":null,"age":null},"geometry":{"type":"Polygon","coordinates":[[[128.609136,35.900267],[128.615131,35.897614],[128.612404,35.895221],[128.613013,35.894635],[128.612273,35.892238],[128.612866,35.892218],[128.614102,35.890229],[128.616984,35.888818],[128.614587,35.885111],[128.612911,35.886184],[128.609949,35.886352],[128.609267,35.88535],[128.60765,35.886491],[128.604874,35.886669],[128.603927,35.888483],[128.603947,35.889571],[128.6055,35.890396],[128.605051,35.890405],[128.605371,35.897014],[128.609136,35.900267]]]}},{"type":"Feature","properties":{"adm_cd":"22050640","gu":"북구","dong":"산격4동","pop06":72,"cap":464,"enr":331,"cov":644.4,"use":459.7,"fill":71.3,"type":"양호","rcov":151.7,"area":0.7,"price":658.0,"age":27.0},"geometry":{"type":"Polygon","coordinates":[[[128.606346,35.901751],[128.609136,35.900267],[128.605371,35.897014],[128.605051,35.890405],[128.6055,35.890396],[128.603947,35.889571],[128.603956,35.888484],[128.601831,35.887841],[128.601558,35.885217],[128.598396,35.889841],[128.598481,35.890469],[128.599545,35.890187],[128.599447,35.891105],[128.600648,35.891715],[128.598112,35.892126],[128.600289,35.894181],[128.600661,35.89626],[128.599833,35.896445],[128.603301,35.899904],[128.603076,35.900517],[128.605527,35.900962],[128.605607,35.901601],[128.606346,35.901751]]]}},{"type":"Feature","properties":{"adm_cd":"22050650","gu":"북구","dong":"복현1동","pop06":53,"cap":49,"enr":14,"cov":92.5,"use":26.4,"fill":28.6,"type":"이중취약","rcov":149.0,"area":0.5,"price":702.0,"age":24.0},"geometry":{"type":"Polygon","coordinates":[[[128.615131,35.897614],[128.622217,35.892493],[128.616857,35.888812],[128.614102,35.890229],[128.612866,35.892218],[128.612273,35.892238],[128.613013,35.894635],[128.612404,35.895221],[128.615131,35.897614]]]}},{"type":"Feature","properties":{"adm_cd":"22050660","gu":"북구","dong":"복현2동","pop06":1040,"cap":1126,"enr":875,"cov":108.3,"use":84.1,"fill":77.7,"type":"양호","rcov":140.5,"area":1.8,"price":1400.0,"age":13.0},"geometry":{"type":"Polygon","coordinates":[[[128.62224,35.906947],[128.623984,35.907406],[128.624789,35.906135],[128.627434,35.905934],[128.626933,35.904191],[128.627521,35.900927],[128.628928,35.89731],[128.631745,35.894034],[128.630854,35.892055],[128.627942,35.889461],[128.620841,35.893076],[128.614877,35.897719],[128.617117,35.904676],[128.618422,35.905768],[128.619587,35.905853],[128.620953,35.90738],[128.62224,35.906947]]]}},{"type":"Feature","properties":{"adm_cd":"22050700","gu":"북구","dong":"검단동","pop06":67,"cap":62,"enr":0,"cov":92.5,"use":0.0,"fill":0.0,"type":"이중취약","rcov":104.9,"area":3.8,"price":656.0,"age":34.0},"geometry":{"type":"Polygon","coordinates":[[[128.632328,35.920665],[128.63227,35.912416],[128.627434,35.905934],[128.624789,35.906135],[128.62324,35.907652],[128.62224,35.906947],[128.620953,35.90738],[128.619587,35.905853],[128.618026,35.905534],[128.618946,35.906218],[128.61445,35.912693],[128.611911,35.911497],[128.606805,35.916286],[128.615873,35.923547],[128.622188,35.927283],[128.626878,35.928685],[128.627249,35.929587],[128.629186,35.92962],[128.63128,35.927517],[128.632328,35.920665]]]}},{"type":"Feature","properties":{"adm_cd":"22050710","gu":"북구","dong":"무태조야동","pop06":1071,"cap":1493,"enr":795,"cov":139.4,"use":74.2,"fill":53.2,"type":"질적미스매치","rcov":89.7,"area":22.9,"price":890.0,"age":23.0},"geometry":{"type":"Polygon","coordinates":[[[128.612929,35.982541],[128.614856,35.979566],[128.614979,35.978123],[128.619245,35.975967],[128.619882,35.974047],[128.618404,35.972005],[128.618297,35.970574],[128.62038,35.969094],[128.621529,35.966991],[128.62295,35.965965],[128.62326,35.965479],[128.62215,35.963425],[128.622529,35.962173],[128.625156,35.960695],[128.626695,35.958132],[128.626563,35.956558],[128.62429,35.954641],[128.624619,35.953178],[128.623446,35.952288],[128.623155,35.948439],[128.623315,35.946186],[128.625091,35.946166],[128.62658,35.945369],[128.626603,35.939515],[128.624978,35.93832],[128.625176,35.935551],[128.628247,35.931904],[128.62856,35.930303],[128.626966,35.929487],[128.626878,35.928685],[128.622188,35.927283],[128.617194,35.924374],[128.609945,35.919152],[128.603275,35.913413],[128.603291,35.90999],[128.601868,35.908028],[128.598132,35.906042],[128.593673,35.905565],[128.586764,35.906518],[128.581737,35.90603],[128.579612,35.905462],[128.579784,35.904912],[128.578052,35.903658],[128.573711,35.903683],[128.573431,35.905799],[128.569473,35.904989],[128.56889,35.908267],[128.567365,35.911601],[128.568402,35.912337],[128.568218,35.915174],[128.569574,35.918577],[128.569025,35.921778],[128.570933,35.925117],[128.572798,35.92502],[128.574287,35.925735],[128.577564,35.929921],[128.581518,35.930124],[128.582203,35.931829],[128.58141,35.933793],[128.581991,35.935299],[128.583888,35.936816],[128.588777,35.938142],[128.590275,35.939624],[128.593043,35.939793],[128.593912,35.941834],[128.597067,35.943651],[128.59782,35.944978],[128.599526,35.945481],[128.601233,35.945127],[128.603767,35.946026],[128.606336,35.949524],[128.607044,35.951579],[128.606227,35.953795],[128.600531,35.956468],[128.600301,35.957296],[128.600908,35.960391],[128.600472,35.961194],[128.602578,35.962569],[128.603573,35.964765],[128.602943,35.967961],[128.603624,35.97367],[128.601705,35.975123],[128.601434,35.976402],[128.602219,35.978327],[128.602166,35.982204],[128.603096,35.984292],[128.602874,35.985901],[128.603504,35.986013],[128.603378,35.987823],[128.606265,35.9871],[128.609426,35.985337],[128.612929,35.982541]]]}},{"type":"Feature","properties":{"adm_cd":"22050740","gu":"북구","dong":"태전2동","pop06":531,"cap":678,"enr":341,"cov":127.7,"use":64.2,"fill":50.3,"type":"질적미스매치","rcov":187.6,"area":2.0,"price":773.0,"age":31.0},"geometry":{"type":"Polygon","coordinates":[[[128.55401,35.932012],[128.550084,35.925168],[128.554761,35.924729],[128.554504,35.924192],[128.555842,35.923178],[128.558492,35.918377],[128.55736,35.917174],[128.557212,35.915089],[128.551961,35.910293],[128.552628,35.908654],[128.551237,35.907502],[128.548428,35.907938],[128.545058,35.910005],[128.543425,35.911372],[128.542892,35.913872],[128.547475,35.918836],[128.546454,35.920292],[128.54827,35.932826],[128.55401,35.932012]]]}},{"type":"Feature","properties":{"adm_cd":"22050750","gu":"북구","dong":"관문동","pop06":1464,"cap":1537,"enr":911,"cov":105.0,"use":62.2,"fill":59.3,"type":"질적미스매치","rcov":63.9,"area":14.7,"price":1082.0,"age":10.0},"geometry":{"type":"Polygon","coordinates":[[[128.568824,35.926666],[128.570274,35.926326],[128.570933,35.925117],[128.569025,35.921778],[128.569574,35.918577],[128.568218,35.915174],[128.568402,35.912337],[128.567365,35.911601],[128.56889,35.908267],[128.569473,35.904989],[128.573431,35.905799],[128.573711,35.903683],[128.570179,35.90307],[128.56769,35.901971],[128.560499,35.896819],[128.558826,35.896933],[128.553326,35.895339],[128.551893,35.89722],[128.540883,35.893515],[128.538771,35.891506],[128.536165,35.886454],[128.533918,35.885668],[128.528879,35.885962],[128.526445,35.888314],[128.522045,35.890438],[128.513285,35.89324],[128.50775,35.893233],[128.504825,35.891448],[128.504632,35.893393],[128.505845,35.896681],[128.504708,35.89873],[128.505969,35.900394],[128.50512,35.902815],[128.506756,35.904903],[128.506914,35.906103],[128.510121,35.909934],[128.513457,35.911521],[128.515012,35.910998],[128.516903,35.911843],[128.520008,35.915447],[128.522331,35.916565],[128.523159,35.917567],[128.523056,35.919259],[128.524519,35.920358],[128.525797,35.92292],[128.527224,35.92284],[128.528645,35.92367],[128.529474,35.923621],[128.529754,35.922917],[128.534122,35.925406],[128.534792,35.924536],[128.534709,35.92231],[128.536945,35.919168],[128.537184,35.917135],[128.539289,35.916636],[128.541936,35.916853],[128.543425,35.911372],[128.548428,35.907938],[128.551237,35.907502],[128.552628,35.908654],[128.551961,35.910293],[128.557212,35.915089],[128.55736,35.917174],[128.559241,35.919237],[128.563496,35.921169],[128.564375,35.922323],[128.565822,35.922907],[128.567605,35.925405],[128.56751,35.926285],[128.568824,35.926666]]]}},{"type":"Feature","properties":{"adm_cd":"22050760","gu":"북구","dong":"읍내동","pop06":691,"cap":1261,"enr":607,"cov":182.5,"use":87.8,"fill":48.1,"type":"질적미스매치","rcov":null,"area":5.9,"price":790.0,"age":29.0},"geometry":{"type":"Polygon","coordinates":[[[128.53364,35.979566],[128.536115,35.979441],[128.537945,35.977034],[128.540423,35.976574],[128.543486,35.974775],[128.543661,35.973166],[128.546242,35.968951],[128.546674,35.965666],[128.549333,35.962323],[128.55057,35.962462],[128.553421,35.960754],[128.553939,35.95789],[128.55715,35.953595],[128.5566,35.953391],[128.556995,35.951107],[128.556364,35.949184],[128.553655,35.944391],[128.554107,35.943202],[128.556943,35.941746],[128.557436,35.940281],[128.55518,35.937214],[128.55401,35.932012],[128.54846,35.932773],[128.550077,35.940822],[128.549154,35.94057],[128.547354,35.941375],[128.547601,35.945179],[128.544751,35.947447],[128.545337,35.950997],[128.54375,35.952684],[128.54195,35.956982],[128.537978,35.958542],[128.534811,35.958383],[128.533478,35.960876],[128.530497,35.96199],[128.529203,35.968801],[128.527741,35.971495],[128.528185,35.973238],[128.526651,35.975447],[128.52895,35.9772],[128.528354,35.98035],[128.531241,35.980562],[128.53364,35.979566]]]}},{"type":"Feature","properties":{"adm_cd":"22050770","gu":"북구","dong":"관음동","pop06":217,"cap":424,"enr":124,"cov":195.4,"use":57.1,"fill":29.2,"type":"질적미스매치","rcov":285.4,"area":3.0,"price":702.0,"age":26.0},"geometry":{"type":"Polygon","coordinates":[[[128.545042,35.947473],[128.547601,35.945179],[128.547354,35.941375],[128.549154,35.94057],[128.550077,35.940822],[128.54846,35.932773],[128.544966,35.933696],[128.540796,35.933993],[128.536604,35.933463],[128.534375,35.935334],[128.534391,35.936996],[128.535285,35.938379],[128.533358,35.945523],[128.534018,35.946083],[128.533645,35.949181],[128.532549,35.950542],[128.534811,35.958383],[128.537978,35.958542],[128.54195,35.956982],[128.54375,35.952684],[128.545337,35.950997],[128.545042,35.947473]]]}},{"type":"Feature","properties":{"adm_cd":"22050780","gu":"북구","dong":"태전1동","pop06":419,"cap":935,"enr":601,"cov":223.2,"use":143.4,"fill":64.3,"type":"질적미스매치","rcov":215.3,"area":2.4,"price":681.0,"age":31.0},"geometry":{"type":"Polygon","coordinates":[[[128.537078,35.933336],[128.537824,35.933951],[128.539639,35.933535],[128.540796,35.933993],[128.54827,35.932826],[128.546454,35.920292],[128.547475,35.918836],[128.543192,35.914454],[128.543006,35.912929],[128.541936,35.916853],[128.539289,35.916636],[128.537184,35.917135],[128.536945,35.919168],[128.534709,35.92231],[128.534792,35.924536],[128.534122,35.925406],[128.529521,35.923176],[128.530308,35.928209],[128.531739,35.930596],[128.533743,35.932373],[128.533755,35.934792],[128.534376,35.935334],[128.537078,35.933336]]]}},{"type":"Feature","properties":{"adm_cd":"22050790","gu":"북구","dong":"구암동","pop06":619,"cap":1020,"enr":398,"cov":164.8,"use":64.3,"fill":39.0,"type":"질적미스매치","rcov":184.9,"area":4.2,"price":831.0,"age":25.0},"geometry":{"type":"Polygon","coordinates":[[[128.578675,35.945876],[128.57951,35.945602],[128.579401,35.942613],[128.578068,35.937981],[128.578855,35.934896],[128.580302,35.933875],[128.581484,35.93399],[128.582203,35.931829],[128.581518,35.930124],[128.577354,35.929804],[128.574287,35.925735],[128.572798,35.92502],[128.570933,35.925117],[128.570274,35.926326],[128.568824,35.926666],[128.56751,35.926285],[128.567605,35.925405],[128.565822,35.922907],[128.561368,35.91999],[128.559815,35.9198],[128.558492,35.918377],[128.555842,35.923178],[128.554504,35.924192],[128.554761,35.924729],[128.550084,35.925168],[128.553947,35.931896],[128.561688,35.931288],[128.562577,35.933452],[128.561867,35.933594],[128.563878,35.944125],[128.571597,35.943157],[128.572486,35.942578],[128.575559,35.944711],[128.578675,35.945876]]]}},{"type":"Feature","properties":{"adm_cd":"22050810","gu":"북구","dong":"노원동","pop06":320,"cap":272,"enr":253,"cov":85.0,"use":79.1,"fill":93.0,"type":"물리적부족","rcov":80.3,"area":3.0,"price":1449.0,"age":9.0},"geometry":{"type":"Polygon","coordinates":[[[128.578833,35.898089],[128.577965,35.897871],[128.578752,35.897815],[128.578446,35.896764],[128.577936,35.896862],[128.577803,35.896793],[128.578425,35.896694],[128.577516,35.893299],[128.578485,35.893083],[128.578957,35.891478],[128.58042,35.890276],[128.582897,35.890005],[128.581845,35.885104],[128.575925,35.887596],[128.55519,35.890747],[128.551786,35.894005],[128.553246,35.895435],[128.561016,35.897012],[128.56769,35.901971],[128.572755,35.903581],[128.578873,35.903398],[128.579405,35.899517],[128.578833,35.898089]]]}},{"type":"Feature","properties":{"adm_cd":"22050820","gu":"북구","dong":"동천동","pop06":682,"cap":1167,"enr":711,"cov":171.1,"use":104.3,"fill":60.9,"type":"질적미스매치","rcov":297.4,"area":1.1,"price":1033.0,"age":24.0},"geometry":{"type":"Polygon","coordinates":[[[128.564306,35.946521],[128.561867,35.933594],[128.562577,35.933452],[128.561688,35.931288],[128.553947,35.931896],[128.55518,35.937214],[128.557476,35.940862],[128.556635,35.94199],[128.553915,35.943361],[128.553944,35.944975],[128.555333,35.946117],[128.564306,35.946521]]]}},{"type":"Feature","properties":{"adm_cd":"22050830","gu":"북구","dong":"국우동","pop06":1039,"cap":1690,"enr":871,"cov":162.7,"use":83.8,"fill":51.5,"type":"질적미스매치","rcov":147.4,"area":17.2,"price":1167.0,"age":19.0},"geometry":{"type":"Polygon","coordinates":[[[128.602874,35.985901],[128.601434,35.976402],[128.601705,35.975123],[128.603624,35.97367],[128.602943,35.967961],[128.603573,35.964765],[128.602578,35.962569],[128.600472,35.961194],[128.600908,35.960391],[128.600301,35.957296],[128.600531,35.956468],[128.606227,35.953795],[128.607044,35.951579],[128.606103,35.949007],[128.604197,35.94729],[128.603767,35.946026],[128.601233,35.945127],[128.599526,35.945481],[128.59782,35.944978],[128.597067,35.943651],[128.593912,35.941834],[128.593043,35.939793],[128.590275,35.939624],[128.588777,35.938142],[128.584766,35.937404],[128.581991,35.935299],[128.581484,35.93399],[128.580302,35.933875],[128.578855,35.934896],[128.578068,35.937981],[128.579401,35.942613],[128.57951,35.945602],[128.57846,35.945966],[128.576562,35.945207],[128.572486,35.942578],[128.571597,35.943157],[128.563878,35.944125],[128.564306,35.946521],[128.555333,35.946117],[128.553944,35.944975],[128.556995,35.951107],[128.5566,35.953391],[128.557157,35.953578],[128.553939,35.95789],[128.553331,35.96078],[128.556177,35.966922],[128.556367,35.971738],[128.560386,35.973044],[128.561665,35.97253],[128.564707,35.972937],[128.565677,35.973733],[128.56567,35.974921],[128.572838,35.978313],[128.574302,35.977823],[128.578561,35.978432],[128.582338,35.978247],[128.583314,35.977855],[128.58322,35.977281],[128.587364,35.979394],[128.587986,35.978976],[128.590156,35.979235],[128.590875,35.980078],[128.593042,35.980842],[128.592925,35.983362],[128.602874,35.985901]]]}},{"type":"Feature","properties":{"adm_cd":"22050840","gu":"북구","dong":"대현동","pop06":264,"cap":663,"enr":471,"cov":251.1,"use":178.4,"fill":71.0,"type":"양호","rcov":95.3,"area":0.9,"price":1436.0,"age":16.0},"geometry":{"type":"Polygon","coordinates":[[[128.603949,35.888482],[128.604874,35.886669],[128.60765,35.886491],[128.608974,35.885391],[128.609949,35.886352],[128.612911,35.886184],[128.614411,35.885141],[128.611788,35.881932],[128.611721,35.880798],[128.609614,35.878747],[128.60701,35.877581],[128.60663,35.876933],[128.608084,35.876219],[128.605085,35.877112],[128.602148,35.881947],[128.601831,35.887841],[128.603949,35.888482]]]}},{"type":"Feature","properties":{"adm_cd":"22060510","gu":"수성구","dong":"범어1동","pop06":1313,"cap":617,"enr":597,"cov":47.0,"use":45.5,"fill":96.8,"type":"물리적부족","rcov":56.5,"area":1.2,"price":4323.0,"age":5.0},"geometry":{"type":"Polygon","coordinates":[[[128.621453,35.859448],[128.632331,35.85881],[128.631929,35.853734],[128.633068,35.850401],[128.631766,35.848982],[128.632025,35.847248],[128.630673,35.846003],[128.629549,35.847523],[128.62608,35.84822],[128.626186,35.849328],[128.625205,35.849399],[128.625278,35.850394],[128.620625,35.850613],[128.621453,35.859448]]]}},{"type":"Feature","properties":{"adm_cd":"22060520","gu":"수성구","dong":"범어2동","pop06":593,"cap":747,"enr":540,"cov":126.0,"use":91.1,"fill":72.3,"type":"양호","rcov":103.0,"area":1.0,"price":4265.0,"age":17.0},"geometry":{"type":"Polygon","coordinates":[[[128.635039,35.867457],[128.638901,35.866174],[128.640466,35.858877],[128.62652,35.859039],[128.627106,35.866925],[128.629758,35.866652],[128.635039,35.867457]]]}},{"type":"Feature","properties":{"adm_cd":"22060530","gu":"수성구","dong":"범어3동","pop06":1005,"cap":367,"enr":295,"cov":36.5,"use":29.4,"fill":80.4,"type":"물리적부족","rcov":74.2,"area":0.6,"price":2788.0,"age":11.0},"geometry":{"type":"Polygon","coordinates":[[[128.614844,35.868118],[128.627106,35.866925],[128.62652,35.859039],[128.622057,35.859456],[128.622463,35.861333],[128.621976,35.86269],[128.617154,35.864787],[128.616893,35.8655],[128.617851,35.867351],[128.614844,35.868118]]]}},{"type":"Feature","properties":{"adm_cd":"22060540","gu":"수성구","dong":"범어4동","pop06":477,"cap":398,"enr":279,"cov":83.4,"use":58.5,"fill":70.1,"type":"물리적부족","rcov":114.6,"area":1.1,"price":4202.0,"age":17.0},"geometry":{"type":"Polygon","coordinates":[[[128.642802,35.858862],[128.6428,35.857938],[128.643688,35.857941],[128.644592,35.85562],[128.643393,35.853147],[128.642194,35.852235],[128.643136,35.847944],[128.641153,35.846806],[128.639206,35.847092],[128.638634,35.848623],[128.637142,35.848766],[128.63674,35.850794],[128.635468,35.850745],[128.635727,35.85019],[128.63481,35.849904],[128.634509,35.850879],[128.633068,35.850401],[128.631842,35.85588],[128.632331,35.85881],[128.642802,35.858862]]]}},{"type":"Feature","properties":{"adm_cd":"22060550","gu":"수성구","dong":"만촌1동","pop06":689,"cap":675,"enr":493,"cov":98.0,"use":71.6,"fill":73.0,"type":"물리적부족","rcov":101.5,"area":2.8,"price":1555.0,"age":23.0},"geometry":{"type":"Polygon","coordinates":[[[128.651086,35.878328],[128.655759,35.876057],[128.65936,35.876426],[128.659399,35.876812],[128.660817,35.874674],[128.666084,35.872662],[128.66579,35.872262],[128.666513,35.871786],[128.662391,35.872526],[128.66195,35.868324],[128.66264,35.866951],[128.660992,35.863716],[128.659412,35.862224],[128.658788,35.861925],[128.656644,35.86652],[128.655976,35.866044],[128.655643,35.866782],[128.653434,35.867429],[128.653815,35.868078],[128.653367,35.867574],[128.653337,35.867082],[128.654396,35.866586],[128.655226,35.864298],[128.653104,35.866488],[128.65406,35.863374],[128.653095,35.86323],[128.653239,35.861789],[128.652198,35.86204],[128.652943,35.863623],[128.651498,35.865015],[128.651191,35.864459],[128.649972,35.86479],[128.648952,35.87006],[128.642201,35.866117],[128.638901,35.866174],[128.635039,35.867457],[128.629809,35.866706],[128.634149,35.87164],[128.638991,35.8731],[128.644954,35.876607],[128.64955,35.8784],[128.651086,35.878328]]]}},{"type":"Feature","properties":{"adm_cd":"22060560","gu":"수성구","dong":"만촌2동","pop06":408,"cap":874,"enr":798,"cov":214.2,"use":195.6,"fill":91.3,"type":"양호","rcov":119.9,"area":1.8,"price":3545.0,"age":2.0},"geometry":{"type":"Polygon","coordinates":[[[128.648952,35.87006],[128.649972,35.86479],[128.651191,35.864459],[128.651498,35.865015],[128.652622,35.86407],[128.652198,35.86204],[128.653239,35.861789],[128.653095,35.86323],[128.65406,35.863374],[128.653104,35.866488],[128.655226,35.864298],[128.654396,35.866586],[128.653337,35.867082],[128.653367,35.867574],[128.65374,35.868033],[128.653857,35.868078],[128.653434,35.867429],[128.655643,35.866782],[128.655976,35.866044],[128.656644,35.86652],[128.658788,35.861925],[128.65702,35.86197],[128.656074,35.861272],[128.656778,35.860354],[128.656508,35.857229],[128.65755,35.856429],[128.659011,35.856748],[128.661553,35.855502],[128.659884,35.853852],[128.660199,35.853147],[128.658634,35.853024],[128.654151,35.85476],[128.646158,35.858929],[128.640475,35.858838],[128.638874,35.866347],[128.641047,35.865999],[128.643158,35.866394],[128.648952,35.87006]]]}},{"type":"Feature","properties":{"adm_cd":"22060570","gu":"수성구","dong":"만촌3동","pop06":628,"cap":574,"enr":540,"cov":91.4,"use":86.0,"fill":94.1,"type":"물리적부족","rcov":82.6,"area":1.8,"price":3384.0,"age":19.0},"geometry":{"type":"Polygon","coordinates":[[[128.646158,35.858929],[128.654204,35.854739],[128.658634,35.853024],[128.660199,35.853147],[128.660712,35.851611],[128.658855,35.850485],[128.658421,35.848058],[128.65722,35.8479],[128.65086,35.842923],[128.646208,35.841245],[128.646564,35.84489],[128.645733,35.847401],[128.6449,35.848159],[128.643136,35.847944],[128.642414,35.850301],[128.642194,35.852235],[128.643393,35.853147],[128.644592,35.85562],[128.643688,35.857941],[128.6428,35.857938],[128.642802,35.858862],[128.646158,35.858929]]]}},{"type":"Feature","properties":{"adm_cd":"22060580","gu":"수성구","dong":"수성1가동","pop06":471,"cap":452,"enr":255,"cov":96.0,"use":54.1,"fill":56.4,"type":"이중취약","rcov":68.9,"area":0.6,"price":1750.0,"age":21.0},"geometry":{"type":"Polygon","coordinates":[[[128.609379,35.861152],[128.614095,35.859786],[128.612855,35.848714],[128.609977,35.849214],[128.609509,35.848077],[128.607993,35.848081],[128.608835,35.853279],[128.608145,35.859446],[128.608668,35.860794],[128.609364,35.860673],[128.609379,35.861152]]]}},{"type":"Feature","properties":{"adm_cd":"22060590","gu":"수성구","dong":"수성2·3가동","pop06":346,"cap":69,"enr":68,"cov":19.9,"use":19.7,"fill":98.6,"type":"물리적부족","rcov":64.1,"area":0.6,"price":2647.0,"age":17.0},"geometry":{"type":"Polygon","coordinates":[[[128.614083,35.859683],[128.621453,35.859448],[128.620625,35.850613],[128.613256,35.851091],[128.614083,35.859683]]]}},{"type":"Feature","properties":{"adm_cd":"22060600","gu":"수성구","dong":"수성4가동","pop06":273,"cap":646,"enr":435,"cov":236.6,"use":159.3,"fill":67.3,"type":"양호","rcov":69.0,"area":0.6,"price":1615.0,"age":30.0},"geometry":{"type":"Polygon","coordinates":[[[128.614664,35.868136],[128.617851,35.867351],[128.617111,35.86483],[128.621976,35.86269],[128.622463,35.861333],[128.62205,35.85939],[128.612368,35.859891],[128.609379,35.861152],[128.609992,35.862487],[128.612901,35.86407],[128.614229,35.866403],[128.614183,35.867692],[128.614664,35.868136]]]}},{"type":"Feature","properties":{"adm_cd":"22060610","gu":"수성구","dong":"황금1동","pop06":781,"cap":692,"enr":472,"cov":88.6,"use":60.4,"fill":68.2,"type":"물리적부족","rcov":96.9,"area":2.6,"price":2168.0,"age":20.0},"geometry":{"type":"Polygon","coordinates":[[[128.634785,35.850013],[128.635727,35.85019],[128.635525,35.850766],[128.637045,35.850597],[128.637142,35.848766],[128.638634,35.848623],[128.639206,35.847092],[128.641153,35.846806],[128.643136,35.847944],[128.6449,35.848159],[128.645733,35.847401],[128.646564,35.84489],[128.645831,35.84054],[128.646981,35.839668],[128.646689,35.836808],[128.647379,35.836259],[128.644105,35.833389],[128.642826,35.830593],[128.640327,35.830131],[128.638923,35.83364],[128.636437,35.835427],[128.635308,35.834352],[128.631747,35.834076],[128.629858,35.836093],[128.630162,35.839314],[128.626504,35.839237],[128.627663,35.84018],[128.627129,35.841769],[128.627549,35.843184],[128.632025,35.847248],[128.63169,35.848525],[128.63253,35.850323],[128.634509,35.850879],[128.634785,35.850013]]]}},{"type":"Feature","properties":{"adm_cd":"22060620","gu":"수성구","dong":"황금2동","pop06":452,"cap":231,"enr":228,"cov":51.1,"use":50.4,"fill":98.7,"type":"물리적부족","rcov":70.4,"area":1.2,"price":3581.0,"age":4.0},"geometry":{"type":"Polygon","coordinates":[[[128.616775,35.850871],[128.625278,35.850394],[128.625205,35.849399],[128.626186,35.849328],[128.626429,35.847948],[128.629549,35.847523],[128.630266,35.84608],[128.627549,35.843184],[128.627535,35.839862],[128.626504,35.839237],[128.616751,35.840415],[128.616775,35.850871]]]}},{"type":"Feature","properties":{"adm_cd":"22060630","gu":"수성구","dong":"중동","pop06":796,"cap":477,"enr":411,"cov":59.9,"use":51.6,"fill":86.2,"type":"물리적부족","rcov":73.2,"area":0.9,"price":2383.0,"age":5.0},"geometry":{"type":"Polygon","coordinates":[[[128.61675,35.850696],[128.616751,35.840415],[128.612078,35.840802],[128.611861,35.83872],[128.606992,35.839128],[128.608083,35.844739],[128.607993,35.848081],[128.609509,35.848077],[128.609977,35.849214],[128.612855,35.848714],[128.613088,35.8511],[128.61675,35.850696]]]}},{"type":"Feature","properties":{"adm_cd":"22060640","gu":"수성구","dong":"상동","pop06":282,"cap":189,"enr":115,"cov":67.0,"use":40.8,"fill":60.8,"type":"이중취약","rcov":83.5,"area":1.3,"price":2002.0,"age":17.0},"geometry":{"type":"Polygon","coordinates":[[[128.616751,35.840396],[128.616707,35.828937],[128.614212,35.828789],[128.613617,35.826177],[128.608622,35.825062],[128.606147,35.83249],[128.605719,35.835361],[128.60644,35.839114],[128.611861,35.83872],[128.612078,35.840802],[128.616751,35.840396]]]}},{"type":"Feature","properties":{"adm_cd":"22060650","gu":"수성구","dong":"파동","pop06":841,"cap":975,"enr":766,"cov":115.9,"use":91.1,"fill":78.6,"type":"양호","rcov":119.1,"area":5.8,"price":1505.0,"age":10.0},"geometry":{"type":"Polygon","coordinates":[[[128.607656,35.827103],[128.608622,35.825062],[128.609923,35.825015],[128.611581,35.825943],[128.611469,35.824913],[128.618314,35.82188],[128.620354,35.819951],[128.622033,35.816668],[128.625614,35.815238],[128.627429,35.813514],[128.63331,35.810651],[128.636706,35.808176],[128.637839,35.80653],[128.639756,35.805274],[128.640287,35.802843],[128.637713,35.803526],[128.635876,35.802862],[128.634524,35.803691],[128.629141,35.802544],[128.626341,35.805036],[128.620511,35.805987],[128.616921,35.802747],[128.616388,35.803582],[128.613641,35.804385],[128.609285,35.804628],[128.602404,35.806299],[128.598426,35.805692],[128.591485,35.80927],[128.592157,35.809627],[128.592317,35.811265],[128.594298,35.81309],[128.598171,35.814299],[128.598622,35.814925],[128.599833,35.81479],[128.600678,35.815698],[128.604214,35.822518],[128.604955,35.826799],[128.606191,35.827566],[128.607656,35.827103]]]}},{"type":"Feature","properties":{"adm_cd":"22060660","gu":"수성구","dong":"두산동","pop06":537,"cap":379,"enr":164,"cov":70.6,"use":30.5,"fill":43.3,"type":"이중취약","rcov":83.3,"area":2.0,"price":2531.0,"age":17.0},"geometry":{"type":"Polygon","coordinates":[[[128.623258,35.830118],[128.626801,35.830413],[128.627987,35.82849],[128.626142,35.825939],[128.626649,35.824927],[128.624663,35.822839],[128.624602,35.820837],[128.625724,35.820414],[128.625892,35.819588],[128.624283,35.815691],[128.622033,35.816668],[128.620354,35.819951],[128.618314,35.82188],[128.611469,35.824913],[128.61165,35.825995],[128.613617,35.826177],[128.614212,35.828789],[128.616707,35.828937],[128.616751,35.840415],[128.624108,35.839794],[128.623258,35.830118]]]}},{"type":"Feature","properties":{"adm_cd":"22060670","gu":"수성구","dong":"지산1동","pop06":226,"cap":929,"enr":437,"cov":411.1,"use":193.4,"fill":47.0,"type":"질적미스매치","rcov":169.9,"area":2.8,"price":896.0,"age":35.0},"geometry":{"type":"Polygon","coordinates":[[[128.628222,35.839029],[128.630162,35.839314],[128.629858,35.836093],[128.631747,35.834076],[128.635308,35.834352],[128.636437,35.835427],[128.637952,35.834516],[128.639954,35.832071],[128.640327,35.830131],[128.642826,35.830593],[128.644105,35.833389],[128.647379,35.836259],[128.649001,35.835786],[128.650969,35.832354],[128.652032,35.832365],[128.653254,35.830555],[128.652166,35.827907],[128.653765,35.825593],[128.652595,35.825232],[128.651917,35.825999],[128.650147,35.825961],[128.645726,35.823872],[128.644676,35.825528],[128.643724,35.825791],[128.642895,35.823542],[128.639568,35.821029],[128.631245,35.825769],[128.62713,35.827265],[128.627987,35.82849],[128.626801,35.830413],[128.623257,35.830087],[128.624108,35.839794],[128.628222,35.839029]]]}},{"type":"Feature","properties":{"adm_cd":"22060680","gu":"수성구","dong":"지산2동","pop06":447,"cap":776,"enr":565,"cov":173.6,"use":126.4,"fill":72.8,"type":"양호","rcov":179.4,"area":1.7,"price":1080.0,"age":35.0},"geometry":{"type":"Polygon","coordinates":[[[128.626856,35.827084],[128.631245,35.825769],[128.639568,35.821029],[128.636542,35.820297],[128.637483,35.819472],[128.636774,35.818729],[128.638373,35.815875],[128.637983,35.815277],[128.638815,35.814836],[128.636482,35.811468],[128.638552,35.810329],[128.636706,35.808176],[128.624283,35.815691],[128.625892,35.819588],[128.625724,35.820414],[128.624602,35.820837],[128.624663,35.822839],[128.626649,35.824927],[128.626134,35.825893],[128.626856,35.827084]]]}},{"type":"Feature","properties":{"adm_cd":"22060690","gu":"수성구","dong":"범물1동","pop06":90,"cap":64,"enr":18,"cov":71.1,"use":20.0,"fill":28.1,"type":"이중취약","rcov":131.6,"area":5.7,"price":864.0,"age":34.0},"geometry":{"type":"Polygon","coordinates":[[[128.650147,35.825961],[128.654969,35.824923],[128.655326,35.820884],[128.65684,35.819168],[128.666189,35.818345],[128.670664,35.816828],[128.672833,35.815159],[128.672574,35.812262],[128.67026,35.80787],[128.669267,35.807204],[128.671591,35.805007],[128.67213,35.803233],[128.67444,35.802945],[128.67545,35.802214],[128.677272,35.802286],[128.678078,35.800661],[128.677656,35.799831],[128.678233,35.797838],[128.677354,35.796591],[128.677915,35.795377],[128.677108,35.79404],[128.676609,35.793793],[128.674904,35.795166],[128.674327,35.794699],[128.672749,35.795268],[128.669197,35.795222],[128.668461,35.79685],[128.662528,35.798392],[128.657584,35.798155],[128.652514,35.79982],[128.651297,35.802826],[128.655317,35.806207],[128.651787,35.807869],[128.650436,35.814102],[128.645389,35.816346],[128.644752,35.818076],[128.639676,35.82111],[128.642895,35.823542],[128.643724,35.825791],[128.644676,35.825528],[128.645726,35.823872],[128.650147,35.825961]]]}},{"type":"Feature","properties":{"adm_cd":"22060700","gu":"수성구","dong":"범물2동","pop06":427,"cap":366,"enr":191,"cov":85.7,"use":44.7,"fill":52.2,"type":"이중취약","rcov":128.1,"area":2.1,"price":920.0,"age":33.0},"geometry":{"type":"Polygon","coordinates":[[[128.639676,35.82111],[128.644752,35.818076],[128.645389,35.816346],[128.650436,35.814102],[128.651787,35.807869],[128.655317,35.806207],[128.651889,35.80298],[128.649184,35.803285],[128.644712,35.802225],[128.640919,35.802283],[128.639838,35.80321],[128.639756,35.805274],[128.637839,35.80653],[128.636706,35.808176],[128.638552,35.810329],[128.636482,35.811468],[128.638815,35.814836],[128.637983,35.815277],[128.638373,35.815875],[128.636774,35.818729],[128.637483,35.819472],[128.636553,35.820341],[128.639676,35.82111]]]}},{"type":"Feature","properties":{"adm_cd":"22060710","gu":"수성구","dong":"고산1동","pop06":911,"cap":907,"enr":566,"cov":99.6,"use":62.1,"fill":62.4,"type":"이중취약","rcov":127.1,"area":8.9,"price":1148.0,"age":30.0},"geometry":{"type":"Polygon","coordinates":[[[128.703659,35.841165],[128.715582,35.83721],[128.715813,35.836681],[128.719254,35.835896],[128.718324,35.835457],[128.717809,35.834143],[128.716976,35.834199],[128.714799,35.832728],[128.708623,35.826382],[128.709065,35.821598],[128.713885,35.817508],[128.71584,35.809348],[128.717406,35.808421],[128.717519,35.806836],[128.716058,35.805284],[128.71016,35.804246],[128.707771,35.802493],[128.707727,35.800189],[128.702628,35.798602],[128.700629,35.79695],[128.699809,35.795049],[128.696532,35.794577],[128.694564,35.79678],[128.692842,35.796959],[128.691257,35.795687],[128.689768,35.792757],[128.687278,35.792297],[128.682054,35.789972],[128.68094,35.79201],[128.679593,35.792993],[128.677597,35.792931],[128.676609,35.793793],[128.677915,35.795377],[128.677354,35.796591],[128.678233,35.797838],[128.677656,35.799831],[128.678078,35.800661],[128.677272,35.802286],[128.680933,35.803858],[128.683843,35.80632],[128.686331,35.809187],[128.68547,35.810661],[128.685959,35.81158],[128.690487,35.811895],[128.694597,35.814477],[128.694866,35.816034],[128.696272,35.816893],[128.696549,35.817803],[128.69638,35.820614],[128.698431,35.821346],[128.7001,35.822754],[128.700482,35.824924],[128.701303,35.825795],[128.701928,35.829892],[128.702945,35.830652],[128.703975,35.834226],[128.703659,35.841165]]]}},{"type":"Feature","properties":{"adm_cd":"22060720","gu":"수성구","dong":"고산2동","pop06":902,"cap":1332,"enr":1035,"cov":147.7,"use":114.7,"fill":77.7,"type":"양호","rcov":139.7,"area":24.5,"price":1614.0,"age":19.0},"geometry":{"type":"Polygon","coordinates":[[[128.676282,35.87268],[128.679891,35.866694],[128.680024,35.862144],[128.681481,35.860678],[128.682652,35.860808],[128.686022,35.858967],[128.688663,35.859503],[128.691684,35.858811],[128.697807,35.85872],[128.699622,35.857772],[128.701776,35.855187],[128.698479,35.850273],[128.700113,35.84988],[128.701009,35.84845],[128.703545,35.848183],[128.703666,35.846845],[128.70159,35.845874],[128.701785,35.84539],[128.702879,35.845522],[128.701139,35.843785],[128.69945,35.843376],[128.699155,35.842266],[128.703659,35.841165],[128.70398,35.834316],[128.702945,35.830652],[128.701928,35.829892],[128.701853,35.827729],[128.700131,35.822813],[128.698431,35.821346],[128.69638,35.820614],[128.696549,35.817803],[128.696272,35.816893],[128.694866,35.816034],[128.694597,35.814477],[128.690487,35.811895],[128.685959,35.81158],[128.68547,35.810661],[128.686331,35.809187],[128.683843,35.80632],[128.680933,35.803858],[128.677687,35.802239],[128.67545,35.802214],[128.67444,35.802945],[128.67213,35.803233],[128.671591,35.805007],[128.669267,35.807204],[128.67026,35.80787],[128.672574,35.812262],[128.672833,35.815159],[128.668538,35.817709],[128.659711,35.81926],[128.65684,35.819168],[128.655816,35.820021],[128.654969,35.824923],[128.652253,35.827115],[128.653254,35.830555],[128.652032,35.832365],[128.650969,35.832354],[128.650278,35.833212],[128.649357,35.835561],[128.646689,35.836808],[128.646538,35.838427],[128.647188,35.838877],[128.645831,35.84054],[128.646208,35.841245],[128.65086,35.842923],[128.65722,35.8479],[128.658421,35.848058],[128.658855,35.850485],[128.660712,35.851611],[128.659884,35.853852],[128.661553,35.855502],[128.659011,35.856748],[128.65755,35.856429],[128.656508,35.857229],[128.656778,35.860354],[128.656022,35.861148],[128.65702,35.86197],[128.6587,35.86185],[128.660992,35.863716],[128.66264,35.866951],[128.66195,35.868324],[128.662391,35.872526],[128.666513,35.871786],[128.66579,35.872262],[128.666084,35.872662],[128.671976,35.872885],[128.673106,35.873832],[128.67492,35.873669],[128.676282,35.87268]]]}},{"type":"Feature","properties":{"adm_cd":"22060730","gu":"수성구","dong":"고산3동","pop06":654,"cap":672,"enr":212,"cov":102.8,"use":32.4,"fill":31.5,"type":"질적미스매치","rcov":75.5,"area":5.2,"price":1041.0,"age":26.0},"geometry":{"type":"Polygon","coordinates":[[[128.715492,35.861275],[128.724113,35.859942],[128.725907,35.857942],[128.723054,35.857869],[128.721874,35.856948],[128.722745,35.855445],[128.725448,35.853768],[128.724894,35.853014],[128.726965,35.846501],[128.726347,35.842561],[128.724063,35.839426],[128.725072,35.836049],[128.721802,35.834672],[128.720417,35.836018],[128.715813,35.836681],[128.715582,35.83721],[128.712755,35.837914],[128.706802,35.840665],[128.699155,35.842266],[128.69945,35.843376],[128.701139,35.843785],[128.702879,35.845522],[128.701785,35.84539],[128.70159,35.845874],[128.703666,35.846845],[128.703545,35.848183],[128.701009,35.84845],[128.700113,35.84988],[128.698479,35.850273],[128.701776,35.855187],[128.699622,35.857772],[128.703056,35.857519],[128.707504,35.858246],[128.711434,35.860819],[128.714608,35.86079],[128.715492,35.861275]]]}},{"type":"Feature","properties":{"adm_cd":"22070550","gu":"달서구","dong":"두류3동","pop06":229,"cap":251,"enr":199,"cov":109.6,"use":86.9,"fill":79.3,"type":"양호","rcov":74.9,"area":1.2,"price":1637.0,"age":24.0},"geometry":{"type":"Polygon","coordinates":[[[128.56233,35.849454],[128.562831,35.848601],[128.560919,35.848939],[128.558466,35.847697],[128.556631,35.847574],[128.555588,35.846189],[128.551798,35.846109],[128.551147,35.847853],[128.547505,35.849744],[128.5489,35.852417],[128.548091,35.854304],[128.557392,35.857842],[128.561528,35.85292],[128.563369,35.851789],[128.56233,35.849454]]]}},{"type":"Feature","properties":{"adm_cd":"22070560","gu":"달서구","dong":"본리동","pop06":1130,"cap":840,"enr":633,"cov":74.3,"use":56.0,"fill":75.4,"type":"물리적부족","rcov":110.5,"area":1.1,"price":1385.0,"age":17.0},"geometry":{"type":"Polygon","coordinates":[[[128.536056,35.843546],[128.544819,35.843534],[128.544793,35.841102],[128.548827,35.84107],[128.548777,35.837188],[128.527663,35.837171],[128.527962,35.838786],[128.527182,35.841586],[128.53602,35.841997],[128.536056,35.843546]]]}},{"type":"Feature","properties":{"adm_cd":"22070570","gu":"달서구","dong":"감삼동","pop06":1569,"cap":1006,"enr":758,"cov":64.1,"use":48.3,"fill":75.3,"type":"물리적부족","rcov":88.2,"area":1.1,"price":1841.0,"age":16.0},"geometry":{"type":"Polygon","coordinates":[[[128.5489,35.852417],[128.544429,35.845989],[128.544819,35.843534],[128.534544,35.843558],[128.532481,35.8445],[128.532867,35.846561],[128.530839,35.846721],[128.530796,35.84928],[128.536821,35.849959],[128.548051,35.85445],[128.5489,35.852417]]]}},{"type":"Feature","properties":{"adm_cd":"22070580","gu":"달서구","dong":"죽전동","pop06":529,"cap":282,"enr":180,"cov":53.3,"use":34.0,"fill":63.8,"type":"이중취약","rcov":75.0,"area":0.8,"price":2326.0,"age":2.0},"geometry":{"type":"Polygon","coordinates":[[[128.539961,35.858722],[128.540552,35.857684],[128.540206,35.856273],[128.54342,35.856351],[128.54359,35.855778],[128.547447,35.856529],[128.548051,35.85445],[128.536821,35.849959],[128.533247,35.849678],[128.534173,35.856227],[128.534114,35.856813],[128.533251,35.856828],[128.533272,35.858754],[128.539961,35.858722]]]}},{"type":"Feature","properties":{"adm_cd":"22070590","gu":"달서구","dong":"장기동","pop06":460,"cap":519,"enr":411,"cov":112.8,"use":89.3,"fill":79.2,"type":"양호","rcov":78.6,"area":2.8,"price":1295.0,"age":22.0},"geometry":{"type":"Polygon","coordinates":[[[128.518408,35.850781],[128.520643,35.849843],[128.52131,35.850182],[128.525806,35.848429],[128.530775,35.849367],[128.530839,35.846721],[128.532867,35.846561],[128.532481,35.8445],[128.534544,35.843558],[128.536056,35.843546],[128.53602,35.841997],[128.527182,35.841586],[128.527962,35.838786],[128.527663,35.837171],[128.506436,35.835503],[128.50703,35.836221],[128.507011,35.843242],[128.507647,35.843801],[128.510211,35.843322],[128.510456,35.845368],[128.511441,35.845952],[128.513365,35.845642],[128.513294,35.849294],[128.518408,35.850781]]]}},{"type":"Feature","properties":{"adm_cd":"22070600","gu":"달서구","dong":"이곡1동","pop06":396,"cap":950,"enr":566,"cov":239.9,"use":142.9,"fill":59.6,"type":"질적미스매치","rcov":218.1,"area":1.8,"price":858.0,"age":29.0},"geometry":{"type":"Polygon","coordinates":[[[128.512282,35.868108],[128.5158,35.867741],[128.517913,35.862599],[128.515542,35.862171],[128.514427,35.861201],[128.514369,35.858932],[128.515471,35.858915],[128.515337,35.854026],[128.516019,35.85033],[128.515704,35.849754],[128.513294,35.849294],[128.513365,35.845642],[128.511441,35.845952],[128.510456,35.845368],[128.510211,35.843322],[128.507445,35.844104],[128.50771,35.857401],[128.506968,35.857413],[128.507572,35.862324],[128.506637,35.862002],[128.508323,35.865255],[128.507772,35.865951],[128.509097,35.867766],[128.509441,35.869568],[128.512282,35.868108]]]}},{"type":"Feature","properties":{"adm_cd":"22070610","gu":"달서구","dong":"신당동","pop06":437,"cap":818,"enr":461,"cov":187.2,"use":105.5,"fill":56.4,"type":"질적미스매치","rcov":130.9,"area":9.0,"price":895.0,"age":27.0},"geometry":{"type":"Polygon","coordinates":[[[128.481748,35.86828],[128.483046,35.867723],[128.486741,35.868103],[128.493381,35.864636],[128.495952,35.864752],[128.499892,35.863681],[128.500566,35.863441],[128.500824,35.86182],[128.499161,35.861974],[128.500241,35.859626],[128.499617,35.851799],[128.500086,35.83527],[128.482208,35.834975],[128.485172,35.832674],[128.481083,35.830133],[128.474155,35.832543],[128.472546,35.833608],[128.468695,35.838464],[128.47102,35.846916],[128.473123,35.859719],[128.473832,35.859732],[128.474021,35.85814],[128.475424,35.85925],[128.479549,35.866161],[128.481748,35.86828]]]}},{"type":"Feature","properties":{"adm_cd":"22070630","gu":"달서구","dong":"월성2동","pop06":140,"cap":307,"enr":239,"cov":219.3,"use":170.7,"fill":77.9,"type":"양호","rcov":80.0,"area":7.0,"price":698.0,"age":34.0},"geometry":{"type":"Polygon","coordinates":[[[128.529033,35.837158],[128.528234,35.835981],[128.529664,35.835353],[128.529757,35.83386],[128.531214,35.833914],[128.53071,35.835388],[128.533779,35.835498],[128.533882,35.831385],[128.535566,35.831409],[128.530274,35.82616],[128.529753,35.825931],[128.523757,35.832347],[128.506139,35.814908],[128.500031,35.817971],[128.490021,35.820153],[128.487085,35.81808],[128.484734,35.817588],[128.482683,35.815463],[128.482965,35.823005],[128.481083,35.830133],[128.485172,35.832674],[128.482208,35.834975],[128.506435,35.835503],[128.529033,35.837158]]]}},{"type":"Feature","properties":{"adm_cd":"22070650","gu":"달서구","dong":"상인1동","pop06":931,"cap":800,"enr":504,"cov":85.9,"use":54.1,"fill":63.0,"type":"이중취약","rcov":97.9,"area":1.5,"price":1070.0,"age":32.0},"geometry":{"type":"Polygon","coordinates":[[[128.540276,35.825287],[128.544401,35.822485],[128.545336,35.823623],[128.551045,35.820227],[128.549401,35.817996],[128.54998,35.815154],[128.549384,35.813987],[128.549373,35.815154],[128.544782,35.812169],[128.540324,35.815564],[128.538077,35.818867],[128.532628,35.817178],[128.528953,35.821532],[128.535559,35.82431],[128.540276,35.825287]]]}},{"type":"Feature","properties":{"adm_cd":"22070660","gu":"달서구","dong":"상인2동","pop06":414,"cap":633,"enr":354,"cov":152.9,"use":85.5,"fill":55.9,"type":"질적미스매치","rcov":139.3,"area":0.9,"price":1054.0,"age":19.0},"geometry":{"type":"Polygon","coordinates":[[[128.53815,35.818657],[128.540324,35.815564],[128.544482,35.812477],[128.548394,35.808517],[128.543553,35.808591],[128.537713,35.80984],[128.53312,35.809937],[128.533647,35.812826],[128.530543,35.814851],[128.530895,35.816267],[128.534927,35.818164],[128.53815,35.818657]]]}},{"type":"Feature","properties":{"adm_cd":"22070670","gu":"달서구","dong":"상인3동","pop06":67,"cap":215,"enr":26,"cov":320.9,"use":38.8,"fill":12.1,"type":"질적미스매치","rcov":94.1,"area":3.7,"price":591.0,"age":33.0},"geometry":{"type":"Polygon","coordinates":[[[128.55151,35.819585],[128.555968,35.818554],[128.558092,35.817195],[128.561669,35.816243],[128.563393,35.816566],[128.565045,35.815758],[128.570777,35.819408],[128.57504,35.817177],[128.579348,35.812023],[128.581772,35.81203],[128.583704,35.809229],[128.583827,35.807355],[128.58784,35.807852],[128.586883,35.805331],[128.582855,35.80456],[128.575439,35.805929],[128.573558,35.806985],[128.567522,35.807615],[128.565374,35.807162],[128.56072,35.807492],[128.559138,35.806957],[128.552197,35.807293],[128.552188,35.805872],[128.550216,35.805879],[128.544782,35.812169],[128.549373,35.815154],[128.549384,35.813987],[128.54998,35.815154],[128.549401,35.817996],[128.55151,35.819585]]]}},{"type":"Feature","properties":{"adm_cd":"22070680","gu":"달서구","dong":"도원동","pop06":586,"cap":783,"enr":308,"cov":133.6,"use":52.6,"fill":39.3,"type":"질적미스매치","rcov":129.0,"area":10.6,"price":719.0,"age":29.0},"geometry":{"type":"Polygon","coordinates":[[[128.535758,35.809879],[128.543553,35.808591],[128.548208,35.808471],[128.550216,35.805879],[128.552188,35.805872],[128.552197,35.807293],[128.559138,35.806957],[128.56072,35.807492],[128.565374,35.807162],[128.567522,35.807615],[128.573558,35.806985],[128.575439,35.805929],[128.582855,35.80456],[128.586638,35.805023],[128.585487,35.802883],[128.586261,35.799917],[128.585235,35.798946],[128.581867,35.798583],[128.578541,35.796175],[128.577116,35.796442],[128.576444,35.795924],[128.569354,35.797394],[128.566955,35.795019],[128.568519,35.792832],[128.568587,35.790556],[128.569306,35.789685],[128.568946,35.787767],[128.569898,35.785321],[128.569235,35.782885],[128.570269,35.779899],[128.567604,35.778126],[128.567,35.776457],[128.565043,35.774447],[128.563699,35.773864],[128.56191,35.774323],[128.557314,35.773023],[128.554474,35.772942],[128.55337,35.777527],[128.552053,35.779301],[128.548914,35.780343],[128.546524,35.783666],[128.545999,35.785769],[128.541463,35.788155],[128.540318,35.79276],[128.5412,35.794492],[128.541445,35.797856],[128.537054,35.800825],[128.535998,35.800693],[128.535447,35.802031],[128.534679,35.801713],[128.53181,35.803787],[128.531473,35.805389],[128.528421,35.80603],[128.528517,35.807653],[128.527197,35.808678],[128.526458,35.808369],[128.52951,35.809899],[128.535758,35.809879]]]}},{"type":"Feature","properties":{"adm_cd":"22070690","gu":"달서구","dong":"송현1동","pop06":223,"cap":562,"enr":209,"cov":252.0,"use":93.7,"fill":37.2,"type":"질적미스매치","rcov":115.5,"area":2.4,"price":1001.0,"age":24.0},"geometry":{"type":"Polygon","coordinates":[[[128.555435,35.834448],[128.557572,35.833374],[128.560105,35.830337],[128.563116,35.824327],[128.567298,35.823486],[128.568613,35.824932],[128.57099,35.822029],[128.570777,35.819408],[128.565045,35.815758],[128.563393,35.816566],[128.561669,35.816243],[128.558092,35.817195],[128.554869,35.818946],[128.55176,35.819323],[128.545354,35.823613],[128.552987,35.832529],[128.555435,35.834448]]]}},{"type":"Feature","properties":{"adm_cd":"22070700","gu":"달서구","dong":"송현2동","pop06":452,"cap":679,"enr":413,"cov":150.2,"use":91.4,"fill":60.8,"type":"질적미스매치","rcov":135.8,"area":1.0,"price":940.0,"age":24.0},"geometry":{"type":"Polygon","coordinates":[[[128.557729,35.837646],[128.555509,35.834421],[128.552987,35.832529],[128.544401,35.822485],[128.540252,35.825304],[128.541634,35.825456],[128.542235,35.826328],[128.542901,35.829157],[128.543774,35.829903],[128.543827,35.832259],[128.54451,35.832295],[128.544542,35.833937],[128.548729,35.833846],[128.548777,35.837182],[128.554133,35.837069],[128.557729,35.837646]]]}},{"type":"Feature","properties":{"adm_cd":"22070710","gu":"달서구","dong":"본동","pop06":338,"cap":196,"enr":104,"cov":58.0,"use":30.8,"fill":53.1,"type":"이중취약","rcov":104.8,"area":1.1,"price":1923.0,"age":1.0},"geometry":{"type":"Polygon","coordinates":[[[128.548775,35.837006],[128.548729,35.833846],[128.544542,35.833937],[128.543774,35.829903],[128.542901,35.829157],[128.541603,35.825593],[128.540915,35.825724],[128.539791,35.828784],[128.536759,35.830495],[128.537221,35.831109],[128.536536,35.831982],[128.533882,35.831385],[128.533779,35.835498],[128.53071,35.835388],[128.531214,35.833914],[128.529757,35.83386],[128.529664,35.835353],[128.528234,35.835981],[128.528584,35.83692],[128.529481,35.837199],[128.548775,35.837006]]]}},{"type":"Feature","properties":{"adm_cd":"22070720","gu":"달서구","dong":"용산1동","pop06":662,"cap":454,"enr":296,"cov":68.6,"use":44.7,"fill":65.2,"type":"이중취약","rcov":114.6,"area":1.3,"price":973.0,"age":27.0},"geometry":{"type":"Polygon","coordinates":[[[128.526526,35.8631],[128.527596,35.861644],[128.532864,35.861579],[128.533907,35.862059],[128.533251,35.856828],[128.534114,35.856813],[128.534173,35.856227],[128.533247,35.849678],[128.525836,35.848427],[128.521817,35.849901],[128.521704,35.851063],[128.525846,35.862664],[128.526526,35.8631]]]}},{"type":"Feature","properties":{"adm_cd":"22070730","gu":"달서구","dong":"용산2동","pop06":448,"cap":1053,"enr":750,"cov":235.0,"use":167.4,"fill":71.2,"type":"양호","rcov":191.8,"area":1.5,"price":811.0,"age":29.0},"geometry":{"type":"Polygon","coordinates":[[[128.520667,35.867485],[128.524821,35.867118],[128.525457,35.865853],[128.527696,35.86456],[128.52619,35.862435],[128.525846,35.862664],[128.521931,35.852232],[128.521781,35.850007],[128.520643,35.849843],[128.519029,35.85079],[128.516019,35.85033],[128.515337,35.854026],[128.515471,35.858915],[128.514369,35.858932],[128.514427,35.861201],[128.515542,35.862171],[128.517913,35.862599],[128.5158,35.867741],[128.519132,35.869419],[128.520667,35.867485]]]}},{"type":"Feature","properties":{"adm_cd":"22070740","gu":"달서구","dong":"이곡2동","pop06":245,"cap":273,"enr":156,"cov":111.4,"use":63.7,"fill":57.1,"type":"질적미스매치","rcov":199.4,"area":2.2,"price":797.0,"age":32.0},"geometry":{"type":"Polygon","coordinates":[[[128.507609,35.86589],[128.508323,35.865255],[128.506637,35.862002],[128.507572,35.862324],[128.506968,35.857413],[128.50771,35.857401],[128.507839,35.851843],[128.507273,35.851908],[128.507647,35.843801],[128.507011,35.843242],[128.50703,35.836221],[128.506436,35.835503],[128.500086,35.83527],[128.499617,35.851799],[128.500241,35.859626],[128.499161,35.861974],[128.500824,35.86182],[128.500566,35.863445],[128.503518,35.865705],[128.507609,35.86589]]]}},{"type":"Feature","properties":{"adm_cd":"22070750","gu":"달서구","dong":"성당동","pop06":398,"cap":904,"enr":518,"cov":227.1,"use":130.2,"fill":57.3,"type":"질적미스매치","rcov":122.4,"area":2.0,"price":1266.0,"age":17.0},"geometry":{"type":"Polygon","coordinates":[[[128.571267,35.85329],[128.573378,35.850964],[128.562136,35.84357],[128.557509,35.83763],[128.554133,35.837069],[128.548777,35.837182],[128.548827,35.84107],[128.544793,35.841102],[128.544429,35.845989],[128.547253,35.850171],[128.547864,35.849313],[128.551147,35.847853],[128.551798,35.846109],[128.554184,35.845861],[128.556172,35.846574],[128.556631,35.847574],[128.558466,35.847697],[128.560919,35.848939],[128.562831,35.848601],[128.56233,35.849454],[128.563339,35.851584],[128.564555,35.851022],[128.564961,35.849781],[128.566331,35.849762],[128.567288,35.85201],[128.567819,35.851749],[128.568599,35.852464],[128.56926,35.852079],[128.571267,35.85329]]]}},{"type":"Feature","properties":{"adm_cd":"22070760","gu":"달서구","dong":"두류1·2동","pop06":499,"cap":250,"enr":141,"cov":50.1,"use":28.3,"fill":56.4,"type":"이중취약","rcov":70.3,"area":1.3,"price":1875.0,"age":3.0},"geometry":{"type":"Polygon","coordinates":[[[128.574177,35.862601],[128.573378,35.850964],[128.571267,35.85329],[128.56926,35.852079],[128.568599,35.852464],[128.567819,35.851749],[128.567288,35.85201],[128.566331,35.849762],[128.564961,35.849781],[128.564555,35.851022],[128.561848,35.852602],[128.557392,35.857842],[128.574177,35.862601]]]}},{"type":"Feature","properties":{"adm_cd":"22070770","gu":"달서구","dong":"월성1동","pop06":1810,"cap":2123,"enr":1797,"cov":117.3,"use":99.3,"fill":84.6,"type":"양호","rcov":110.7,"area":1.9,"price":1847.0,"age":17.0},"geometry":{"type":"Polygon","coordinates":[[[128.529696,35.825991],[128.536536,35.831982],[128.537221,35.831109],[128.536759,35.830495],[128.539791,35.828784],[128.540915,35.825724],[128.541634,35.825456],[128.535559,35.82431],[128.528984,35.821631],[128.530118,35.819932],[128.528524,35.819409],[128.527986,35.818272],[128.523014,35.815989],[128.521271,35.819387],[128.51511,35.823599],[128.523757,35.832347],[128.529696,35.825991]]]}},{"type":"Feature","properties":{"adm_cd":"22070780","gu":"달서구","dong":"진천동","pop06":1719,"cap":2644,"enr":1783,"cov":153.8,"use":103.7,"fill":67.4,"type":"양호","rcov":109.8,"area":5.1,"price":1343.0,"age":15.0},"geometry":{"type":"Polygon","coordinates":[[[128.530073,35.819969],[128.532568,35.817242],[128.530895,35.816267],[128.530539,35.814871],[128.533647,35.812826],[128.53312,35.809937],[128.52951,35.809899],[128.526458,35.808369],[128.527197,35.808678],[128.528517,35.807653],[128.528421,35.80603],[128.531473,35.805389],[128.53181,35.803787],[128.534679,35.801713],[128.535447,35.802031],[128.535998,35.800693],[128.537054,35.800825],[128.541445,35.797856],[128.5412,35.794492],[128.540318,35.79276],[128.541383,35.789839],[128.540183,35.788265],[128.537102,35.786751],[128.533187,35.786646],[128.528806,35.788144],[128.527344,35.792933],[128.524297,35.792588],[128.523195,35.793285],[128.52232,35.795038],[128.517384,35.798435],[128.515448,35.801769],[128.515421,35.803747],[128.514116,35.803783],[128.514519,35.805793],[128.511384,35.805292],[128.510347,35.806046],[128.5084,35.805732],[128.507886,35.806195],[128.508574,35.807961],[128.516583,35.811127],[128.519285,35.813359],[128.520488,35.813593],[128.521073,35.816801],[128.523014,35.815989],[128.527986,35.818272],[128.528524,35.819409],[128.530073,35.819969]]]}},{"type":"Feature","properties":{"adm_cd":"22070790","gu":"달서구","dong":"유천동","pop06":2526,"cap":1003,"enr":708,"cov":39.7,"use":28.0,"fill":70.6,"type":"물리적부족","rcov":88.8,"area":1.2,"price":1922.0,"age":11.0},"geometry":{"type":"Polygon","coordinates":[[[128.51511,35.823599],[128.521271,35.819387],[128.522933,35.81615],[128.521073,35.816801],[128.520488,35.813593],[128.519285,35.813359],[128.516766,35.811216],[128.513378,35.809881],[128.512635,35.811106],[128.506966,35.813574],[128.506139,35.814908],[128.507831,35.817147],[128.510279,35.818759],[128.51511,35.823599]]]}},{"type":"Feature","properties":{"adm_cd":"22510110","gu":"달성군","dong":"화원읍","pop06":1407,"cap":2190,"enr":1436,"cov":155.7,"use":102.1,"fill":65.6,"type":"양호","rcov":70.4,"area":26.4,"price":957.0,"age":23.0},"geometry":{"type":"Polygon","coordinates":[[[128.490021,35.820153],[128.501732,35.817337],[128.506549,35.814685],[128.506966,35.813574],[128.50816,35.812881],[128.512635,35.811106],[128.513378,35.809889],[128.508574,35.807961],[128.507886,35.806195],[128.5084,35.805732],[128.510347,35.806046],[128.511384,35.805292],[128.514519,35.805793],[128.514116,35.803783],[128.515421,35.803747],[128.515448,35.801769],[128.517384,35.798435],[128.52232,35.795038],[128.523195,35.793285],[128.524297,35.792588],[128.527344,35.792933],[128.528806,35.788144],[128.533187,35.786646],[128.537102,35.786751],[128.540183,35.788265],[128.541383,35.789839],[128.541971,35.78758],[128.545999,35.785769],[128.546524,35.783666],[128.54852,35.780772],[128.552053,35.779301],[128.55337,35.777527],[128.553989,35.773586],[128.552822,35.770002],[128.551547,35.769087],[128.551509,35.767722],[128.550344,35.766353],[128.550538,35.763904],[128.55258,35.762043],[128.552091,35.761381],[128.547453,35.758499],[128.54047,35.756733],[128.537144,35.753826],[128.531441,35.75456],[128.530189,35.75677],[128.526242,35.758579],[128.524358,35.763746],[128.519868,35.764376],[128.517325,35.76622],[128.513469,35.767033],[128.509382,35.769097],[128.506739,35.76877],[128.501592,35.772742],[128.499497,35.775826],[128.496364,35.775707],[128.493349,35.777325],[128.490987,35.777674],[128.48482,35.781829],[128.482839,35.786209],[128.481356,35.785158],[128.478979,35.787932],[128.477748,35.793126],[128.476658,35.792406],[128.477764,35.793203],[128.476536,35.799375],[128.474533,35.801999],[128.474845,35.804306],[128.473395,35.805563],[128.473909,35.807079],[128.472793,35.808982],[128.477898,35.812346],[128.481537,35.816012],[128.482683,35.815463],[128.484734,35.817588],[128.487085,35.81808],[128.490021,35.820153]]]}},{"type":"Feature","properties":{"adm_cd":"22510120","gu":"달성군","dong":"논공읍","pop06":322,"cap":1055,"enr":626,"cov":327.6,"use":194.4,"fill":59.3,"type":"질적미스매치","rcov":296.0,"area":44.5,"price":719.0,"age":8.0},"geometry":{"type":"Polygon","coordinates":[[[128.419605,35.791896],[128.420216,35.791903],[128.421119,35.790056],[128.422886,35.788881],[128.4207,35.787729],[128.421555,35.785867],[128.420822,35.785252],[128.425242,35.784163],[128.427765,35.781136],[128.430302,35.780755],[128.432197,35.777696],[128.439065,35.772475],[128.441649,35.768504],[128.448901,35.769564],[128.449892,35.767603],[128.453888,35.767815],[128.455979,35.765587],[128.458044,35.765587],[128.46237,35.762551],[128.464615,35.759077],[128.471075,35.756019],[128.472809,35.753416],[128.473345,35.750152],[128.477389,35.749456],[128.479187,35.750415],[128.480766,35.749994],[128.48166,35.745475],[128.483095,35.743384],[128.481247,35.740274],[128.482397,35.738606],[128.486938,35.736288],[128.487033,35.734814],[128.489462,35.730997],[128.492245,35.728912],[128.493282,35.725668],[128.491101,35.725361],[128.490245,35.724477],[128.488228,35.72483],[128.48666,35.725854],[128.485607,35.725447],[128.483956,35.726522],[128.478536,35.724461],[128.47368,35.723821],[128.46702,35.720635],[128.465444,35.719291],[128.464374,35.719438],[128.461203,35.716803],[128.459282,35.716639],[128.454286,35.714187],[128.453641,35.712737],[128.449174,35.71572],[128.448558,35.717451],[128.446676,35.718295],[128.446779,35.719754],[128.434635,35.716257],[128.433641,35.722276],[128.431816,35.725598],[128.421646,35.733135],[128.411509,35.738557],[128.396323,35.745306],[128.391247,35.748353],[128.387734,35.753579],[128.383428,35.758265],[128.383469,35.760087],[128.390862,35.771652],[128.397585,35.778646],[128.40068,35.786495],[128.408119,35.799208],[128.411113,35.799245],[128.414281,35.797286],[128.417552,35.794911],[128.419605,35.791896]]]}},{"type":"Feature","properties":{"adm_cd":"22510130","gu":"달성군","dong":"다사읍","pop06":4821,"cap":5221,"enr":3575,"cov":108.3,"use":74.2,"fill":68.5,"type":"양호","rcov":47.0,"area":36.2,"price":1502.0,"age":15.0},"geometry":{"type":"Polygon","coordinates":[[[128.461198,35.899622],[128.465848,35.898507],[128.466478,35.897473],[128.468906,35.899136],[128.47527,35.894458],[128.478477,35.896824],[128.48326,35.895367],[128.48462,35.89393],[128.48542,35.895957],[128.484945,35.896529],[128.486579,35.896406],[128.488931,35.89785],[128.490617,35.897579],[128.492545,35.896147],[128.492503,35.895095],[128.494722,35.890789],[128.496357,35.889228],[128.499364,35.889877],[128.500336,35.886448],[128.50225,35.887069],[128.504589,35.889152],[128.503911,35.889456],[128.504825,35.891448],[128.506959,35.892934],[128.508839,35.893337],[128.513285,35.89324],[128.518815,35.891788],[128.526363,35.88834],[128.524809,35.886433],[128.520833,35.885921],[128.516617,35.883808],[128.516347,35.883073],[128.520019,35.87732],[128.521152,35.872654],[128.519132,35.869419],[128.515629,35.867679],[128.512686,35.867978],[128.509441,35.869568],[128.508188,35.866252],[128.503518,35.865705],[128.501078,35.863409],[128.495952,35.864752],[128.493381,35.864636],[128.486741,35.868103],[128.483046,35.867723],[128.481748,35.86828],[128.479549,35.866161],[128.475424,35.85925],[128.474021,35.85814],[128.473832,35.859732],[128.473123,35.859719],[128.47102,35.846916],[128.468747,35.839552],[128.460356,35.841605],[128.450002,35.846657],[128.44472,35.847921],[128.436182,35.848334],[128.430766,35.849724],[128.419178,35.850553],[128.416779,35.851457],[128.419143,35.851611],[128.417606,35.854886],[128.417557,35.859735],[128.419724,35.863082],[128.417677,35.867979],[128.417734,35.872112],[128.418563,35.872505],[128.420955,35.871934],[128.422538,35.872214],[128.423381,35.873357],[128.424082,35.877205],[128.425427,35.878726],[128.425167,35.879672],[128.42838,35.882581],[128.429987,35.882731],[128.430745,35.8819],[128.433738,35.883462],[128.433584,35.88427],[128.436023,35.88534],[128.436872,35.887127],[128.443938,35.888471],[128.445155,35.887677],[128.445631,35.889104],[128.446467,35.888987],[128.447183,35.8897],[128.447518,35.890933],[128.452399,35.894355],[128.455776,35.894015],[128.461198,35.899622]]]}},{"type":"Feature","properties":{"adm_cd":"22510140","gu":"달성군","dong":"유가읍","pop06":2077,"cap":1612,"enr":1110,"cov":77.6,"use":53.4,"fill":68.9,"type":"물리적부족","rcov":96.3,"area":56.3,"price":1117.0,"age":10.0},"geometry":{"type":"Polygon","coordinates":[[[128.509236,35.726656],[128.513646,35.726042],[128.513727,35.725189],[128.517972,35.72358],[128.520491,35.721653],[128.526218,35.710146],[128.529343,35.71101],[128.533887,35.70326],[128.532618,35.700711],[128.532745,35.698294],[128.531864,35.696616],[128.535264,35.694052],[128.53132,35.68786],[128.531799,35.683334],[128.527925,35.683155],[128.518165,35.679428],[128.514802,35.675417],[128.509455,35.674715],[128.507551,35.672858],[128.509178,35.669037],[128.509149,35.665455],[128.508027,35.663721],[128.508107,35.66201],[128.508927,35.661844],[128.508143,35.661901],[128.507167,35.655397],[128.505692,35.654921],[128.507281,35.652638],[128.506814,35.650148],[128.509144,35.648284],[128.510711,35.645693],[128.509885,35.643006],[128.506236,35.639557],[128.503798,35.638783],[128.495694,35.639036],[128.495018,35.637889],[128.493224,35.637854],[128.492496,35.637121],[128.489864,35.636528],[128.489205,35.635743],[128.482316,35.634989],[128.48134,35.635266],[128.480117,35.639722],[128.477256,35.640518],[128.470691,35.636615],[128.466263,35.636744],[128.462829,35.638692],[128.461111,35.640657],[128.460261,35.640626],[128.457606,35.64528],[128.455738,35.645504],[128.453815,35.647056],[128.454747,35.648349],[128.452913,35.649714],[128.451684,35.652153],[128.451983,35.658941],[128.449061,35.662681],[128.44813,35.665518],[128.448337,35.667148],[128.447098,35.668021],[128.448152,35.669572],[128.448835,35.674161],[128.446732,35.677738],[128.446841,35.6818],[128.449574,35.68524],[128.455665,35.688617],[128.455666,35.689231],[128.457908,35.689204],[128.457827,35.699944],[128.461666,35.699616],[128.463691,35.698547],[128.462593,35.699387],[128.461023,35.699935],[128.460989,35.700832],[128.464011,35.703971],[128.461507,35.705576],[128.460549,35.705056],[128.459377,35.705873],[128.458308,35.708135],[128.458186,35.710947],[128.455815,35.713437],[128.455422,35.71474],[128.460551,35.717108],[128.461203,35.716803],[128.464374,35.719438],[128.465444,35.719291],[128.471528,35.72299],[128.481584,35.725319],[128.483956,35.726522],[128.485607,35.725447],[128.48666,35.725854],[128.488228,35.72483],[128.490245,35.724477],[128.491101,35.725361],[128.496862,35.726666],[128.499707,35.726403],[128.507446,35.728806],[128.509299,35.727532],[128.509236,35.726656]]]}},{"type":"Feature","properties":{"adm_cd":"22510150","gu":"달성군","dong":"옥포읍","pop06":891,"cap":1160,"enr":508,"cov":130.2,"use":57.0,"fill":43.8,"type":"질적미스매치","rcov":100.8,"area":46.9,"price":953.0,"age":9.0},"geometry":{"type":"Polygon","coordinates":[[[128.440931,35.806041],[128.470433,35.805922],[128.473683,35.80714],[128.474045,35.80629],[128.473395,35.805563],[128.474845,35.804306],[128.474533,35.801999],[128.476544,35.799341],[128.477764,35.793203],[128.476658,35.792406],[128.477748,35.793126],[128.478979,35.787932],[128.481356,35.785158],[128.482839,35.786209],[128.48482,35.781829],[128.490987,35.777674],[128.493349,35.777325],[128.496364,35.775707],[128.499497,35.775826],[128.501592,35.772742],[128.506739,35.76877],[128.509382,35.769097],[128.513469,35.767033],[128.517325,35.76622],[128.519868,35.764376],[128.524358,35.763746],[128.526242,35.758579],[128.530189,35.75677],[128.531441,35.75456],[128.537144,35.753826],[128.536204,35.750226],[128.537801,35.742368],[128.540183,35.735843],[128.537025,35.736614],[128.535749,35.735743],[128.532756,35.735172],[128.532419,35.733888],[128.531281,35.733021],[128.531267,35.730468],[128.530401,35.729486],[128.529161,35.729309],[128.528221,35.728037],[128.528013,35.725293],[128.523807,35.723662],[128.523194,35.722458],[128.520491,35.721653],[128.517972,35.72358],[128.513727,35.725189],[128.513646,35.726042],[128.509236,35.726656],[128.509299,35.727532],[128.507446,35.728806],[128.502529,35.727008],[128.499707,35.726403],[128.496862,35.726666],[128.493282,35.725668],[128.492245,35.728912],[128.489462,35.730997],[128.487033,35.734814],[128.486938,35.736288],[128.482397,35.738606],[128.481247,35.740274],[128.483095,35.743384],[128.48166,35.745475],[128.480766,35.749994],[128.479187,35.750415],[128.477389,35.749456],[128.473345,35.750152],[128.472809,35.753416],[128.471075,35.756019],[128.464615,35.759077],[128.46237,35.762551],[128.458044,35.765587],[128.455979,35.765587],[128.453888,35.767815],[128.449892,35.767603],[128.448901,35.769564],[128.441649,35.768504],[128.439065,35.772475],[128.432197,35.777696],[128.430302,35.780755],[128.427765,35.781136],[128.425242,35.784163],[128.420822,35.785252],[128.421555,35.785867],[128.4207,35.787729],[128.422886,35.788881],[128.421119,35.790056],[128.417297,35.79514],[128.410545,35.799351],[128.410736,35.80109],[128.41244,35.802824],[128.415772,35.802815],[128.415786,35.806092],[128.420816,35.806304],[128.42083,35.809355],[128.440945,35.809294],[128.440931,35.806041]]]}},{"type":"Feature","properties":{"adm_cd":"22510160","gu":"달성군","dong":"현풍읍","pop06":824,"cap":1443,"enr":1052,"cov":175.1,"use":127.7,"fill":72.9,"type":"양호","rcov":120.0,"area":25.1,"price":955.0,"age":10.0},"geometry":{"type":"Polygon","coordinates":[[[128.446777,35.719734],[128.446676,35.718295],[128.448558,35.717451],[128.449174,35.71572],[128.453641,35.712737],[128.454286,35.714187],[128.455422,35.71474],[128.455815,35.713437],[128.458186,35.710947],[128.458308,35.708135],[128.459377,35.705873],[128.460549,35.705056],[128.461507,35.705576],[128.464011,35.703971],[128.460989,35.700832],[128.461023,35.699935],[128.462593,35.699387],[128.463691,35.698547],[128.461666,35.699616],[128.457827,35.699944],[128.457908,35.689204],[128.455666,35.689231],[128.455665,35.688617],[128.449574,35.68524],[128.446841,35.6818],[128.446601,35.678267],[128.448835,35.674161],[128.448722,35.673078],[128.445623,35.670836],[128.44693,35.669492],[128.446765,35.668918],[128.445365,35.669102],[128.444887,35.668574],[128.446079,35.665066],[128.445577,35.662266],[128.442963,35.661328],[128.442223,35.660265],[128.442848,35.656998],[128.441844,35.655487],[128.438124,35.656271],[128.436151,35.658239],[128.434016,35.65739],[128.433639,35.658635],[128.431676,35.659606],[128.430326,35.658732],[128.429761,35.658928],[128.428906,35.660659],[128.426851,35.66089],[128.423099,35.659879],[128.422634,35.660283],[128.423331,35.661178],[128.420661,35.661207],[128.420648,35.663124],[128.419441,35.66315],[128.419237,35.66554],[128.417919,35.666202],[128.418456,35.666676],[128.417864,35.669045],[128.415997,35.673348],[128.41374,35.675673],[128.411528,35.676574],[128.409424,35.676361],[128.407214,35.677647],[128.403885,35.678524],[128.399876,35.678968],[128.396721,35.680087],[128.395097,35.681722],[128.392468,35.681258],[128.392084,35.680226],[128.387898,35.680362],[128.387018,35.68223],[128.384998,35.683521],[128.384568,35.685478],[128.383361,35.686278],[128.38315,35.688178],[128.381092,35.689942],[128.377909,35.69104],[128.375058,35.692893],[128.376127,35.694136],[128.375711,35.695621],[128.376652,35.69958],[128.380627,35.70195],[128.397063,35.700223],[128.412202,35.695842],[128.419114,35.696393],[128.422223,35.697269],[128.425458,35.699229],[128.433981,35.70707],[128.43482,35.710539],[128.434635,35.716257],[128.446777,35.719734]]]}},{"type":"Feature","properties":{"adm_cd":"22510310","gu":"달성군","dong":"가창면","pop06":93,"cap":58,"enr":17,"cov":62.4,"use":18.3,"fill":29.3,"type":"이중취약","rcov":null,"area":110.0,"price":634.0,"age":29.0},"geometry":{"type":"Polygon","coordinates":[[[128.597557,35.805987],[128.602404,35.806299],[128.609285,35.804628],[128.613641,35.804385],[128.616388,35.803582],[128.616921,35.802747],[128.620511,35.805987],[128.626341,35.805036],[128.629141,35.802544],[128.634524,35.803691],[128.635876,35.802862],[128.637713,35.803526],[128.642706,35.802121],[128.649184,35.803285],[128.651297,35.802826],[128.6519,35.800612],[128.653492,35.799258],[128.657584,35.798155],[128.661197,35.798509],[128.666586,35.797388],[128.668461,35.79685],[128.669197,35.795222],[128.672749,35.795268],[128.674327,35.794699],[128.674904,35.795166],[128.677597,35.792931],[128.679593,35.792993],[128.68094,35.79201],[128.681026,35.791191],[128.682054,35.789972],[128.682502,35.790131],[128.681404,35.785865],[128.681824,35.783149],[128.684928,35.778238],[128.686458,35.777419],[128.68707,35.775499],[128.687058,35.773197],[128.686091,35.771226],[128.68635,35.768724],[128.688616,35.768023],[128.689394,35.767132],[128.691434,35.763948],[128.691165,35.760225],[128.694808,35.757524],[128.695486,35.755742],[128.694331,35.753667],[128.694087,35.749916],[128.692767,35.748517],[128.692438,35.746705],[128.693657,35.743653],[128.689126,35.739773],[128.689079,35.738115],[128.691947,35.735301],[128.691484,35.734378],[128.692,35.733263],[128.690964,35.730889],[128.683137,35.725578],[128.68324,35.721454],[128.673355,35.721003],[128.67177,35.720526],[128.670674,35.718862],[128.667817,35.719349],[128.665557,35.718945],[128.663524,35.720503],[128.662283,35.719442],[128.661033,35.720049],[128.65661,35.71786],[128.655102,35.715266],[128.653453,35.713878],[128.652856,35.714011],[128.64906,35.711647],[128.64727,35.711492],[128.646212,35.708174],[128.638248,35.705791],[128.630926,35.706792],[128.624498,35.703355],[128.623997,35.702297],[128.619777,35.702849],[128.619788,35.704509],[128.617454,35.706025],[128.617104,35.707391],[128.613916,35.709841],[128.613951,35.714174],[128.616667,35.716378],[128.616926,35.717635],[128.615825,35.720167],[128.614058,35.722114],[128.612657,35.722504],[128.609934,35.724876],[128.610104,35.726213],[128.614932,35.730318],[128.613745,35.732434],[128.614439,35.733684],[128.613891,35.73689],[128.612435,35.738519],[128.607499,35.738998],[128.605125,35.737552],[128.600003,35.736339],[128.594245,35.737075],[128.594114,35.735545],[128.592163,35.732656],[128.589601,35.731504],[128.585147,35.734545],[128.582416,35.738333],[128.580516,35.738667],[128.579192,35.737594],[128.574635,35.736488],[128.571729,35.734573],[128.568013,35.735583],[128.566646,35.736946],[128.564767,35.736762],[128.563549,35.735876],[128.562656,35.732245],[128.561647,35.731596],[128.560987,35.729714],[128.556968,35.727703],[128.555514,35.727843],[128.552496,35.726597],[128.55043,35.724858],[128.546091,35.722649],[128.544086,35.719434],[128.541014,35.719116],[128.536818,35.716839],[128.53331,35.716467],[128.530704,35.713765],[128.527905,35.712741],[128.529003,35.71127],[128.526218,35.710146],[128.520491,35.721653],[128.523194,35.722458],[128.523807,35.723662],[128.528013,35.725293],[128.528221,35.728037],[128.529161,35.729309],[128.530401,35.729486],[128.531267,35.730468],[128.531281,35.733021],[128.532419,35.733888],[128.532756,35.735172],[128.535749,35.735743],[128.537025,35.736614],[128.540183,35.735843],[128.537801,35.742368],[128.536204,35.750226],[128.537144,35.753826],[128.54047,35.756733],[128.547453,35.758499],[128.552482,35.761728],[128.550538,35.763904],[128.550344,35.766353],[128.551509,35.767722],[128.551547,35.769087],[128.552822,35.770002],[128.55403,35.774306],[128.554474,35.772942],[128.557314,35.773023],[128.56191,35.774323],[128.563699,35.773864],[128.565225,35.774567],[128.567,35.776457],[128.567604,35.778126],[128.570269,35.779899],[128.569235,35.782885],[128.569898,35.785321],[128.568946,35.787767],[128.569306,35.789685],[128.568587,35.790556],[128.568519,35.792832],[128.566955,35.795019],[128.569354,35.797394],[128.576444,35.795924],[128.577116,35.796442],[128.578541,35.796175],[128.581867,35.798583],[128.585235,35.798946],[128.58643,35.80094],[128.585487,35.802883],[128.587802,35.807668],[128.589856,35.80806],[128.591485,35.80927],[128.597124,35.806729],[128.597557,35.805987]]]}},{"type":"Feature","properties":{"adm_cd":"22510320","gu":"달성군","dong":"하빈면","pop06":22,"cap":77,"enr":16,"cov":350.0,"use":72.7,"fill":20.8,"type":"질적미스매치","rcov":null,"area":38.8,"price":null,"age":null},"geometry":{"type":"Polygon","coordinates":[[[128.457844,35.941531],[128.460784,35.940959],[128.462637,35.939728],[128.463035,35.938537],[128.465384,35.938792],[128.466349,35.937964],[128.469631,35.938614],[128.46982,35.938087],[128.472445,35.937369],[128.472761,35.936668],[128.475309,35.935947],[128.476419,35.934439],[128.476173,35.928213],[128.473264,35.923214],[128.47397,35.917417],[128.472755,35.914436],[128.468721,35.910845],[128.466623,35.910193],[128.465399,35.90859],[128.46734,35.906423],[128.467755,35.900218],[128.468799,35.898915],[128.466478,35.897473],[128.465848,35.898507],[128.464626,35.898373],[128.461198,35.899622],[128.455776,35.894015],[128.452399,35.894355],[128.447518,35.890933],[128.447183,35.8897],[128.446467,35.888987],[128.445631,35.889104],[128.445155,35.887677],[128.443938,35.888471],[128.436872,35.887127],[128.436023,35.88534],[128.433584,35.88427],[128.433738,35.883462],[128.430745,35.8819],[128.429987,35.882731],[128.42838,35.882581],[128.425602,35.880141],[128.425427,35.878726],[128.423498,35.875678],[128.423234,35.872918],[128.422265,35.871964],[128.418563,35.872505],[128.417573,35.871799],[128.417677,35.867979],[128.418607,35.864827],[128.419552,35.864486],[128.419733,35.863613],[128.417557,35.859735],[128.417606,35.854886],[128.419143,35.851611],[128.387592,35.852406],[128.386542,35.851305],[128.385504,35.852298],[128.38351,35.852835],[128.383476,35.860905],[128.384209,35.865656],[128.38845,35.87176],[128.390314,35.87825],[128.392645,35.881866],[128.395997,35.889862],[128.398067,35.892709],[128.399135,35.896319],[128.398977,35.899927],[128.404148,35.900518],[128.406772,35.901423],[128.406377,35.90074],[128.407129,35.900725],[128.408927,35.903178],[128.410166,35.906546],[128.413005,35.909173],[128.413829,35.911248],[128.414824,35.912354],[128.416474,35.912677],[128.416623,35.914567],[128.418295,35.916632],[128.418093,35.921292],[128.423467,35.922793],[128.424726,35.925068],[128.42436,35.926505],[128.424901,35.928041],[128.427544,35.927334],[128.4278,35.928853],[128.431951,35.931504],[128.433008,35.930992],[128.437186,35.931846],[128.438745,35.931519],[128.44013,35.932531],[128.441561,35.935207],[128.443972,35.934782],[128.445436,35.935334],[128.448351,35.934791],[128.450338,35.935042],[128.452777,35.936617],[128.45379,35.938894],[128.454155,35.943149],[128.457844,35.941531]]]}},{"type":"Feature","properties":{"adm_cd":"22510360","gu":"달성군","dong":"구지면","pop06":1432,"cap":1168,"enr":846,"cov":81.6,"use":59.1,"fill":72.4,"type":"물리적부족","rcov":86.2,"area":38.9,"price":803.0,"age":6.0},"geometry":{"type":"Polygon","coordinates":[[[128.387898,35.680362],[128.392084,35.680226],[128.392468,35.681258],[128.395097,35.681722],[128.396721,35.680087],[128.399876,35.678968],[128.403885,35.678524],[128.407214,35.677647],[128.409424,35.676361],[128.411528,35.676574],[128.41374,35.675673],[128.415997,35.673348],[128.417864,35.669045],[128.418456,35.666676],[128.417919,35.666202],[128.419237,35.66554],[128.419441,35.66315],[128.420648,35.663124],[128.420661,35.661207],[128.423331,35.661178],[128.422634,35.660283],[128.423099,35.659879],[128.426851,35.66089],[128.428906,35.660659],[128.429761,35.658928],[128.430326,35.658732],[128.431676,35.659606],[128.433639,35.658635],[128.43405,35.657383],[128.436151,35.658239],[128.438124,35.656271],[128.439981,35.65571],[128.442477,35.655874],[128.442223,35.660265],[128.442963,35.661328],[128.445577,35.662266],[128.446079,35.665066],[128.444887,35.668574],[128.445365,35.669102],[128.446765,35.668918],[128.44693,35.669492],[128.445623,35.670836],[128.448658,35.673086],[128.448152,35.669572],[128.447098,35.668021],[128.448285,35.667271],[128.448779,35.663286],[128.452345,35.657729],[128.4517,35.652079],[128.452913,35.649714],[128.454747,35.648349],[128.453815,35.647056],[128.455738,35.645504],[128.45828,35.644694],[128.460345,35.640584],[128.457508,35.639629],[128.456482,35.637413],[128.45527,35.637645],[128.453348,35.636903],[128.452307,35.637034],[128.451488,35.637988],[128.450072,35.637283],[128.446476,35.638414],[128.445782,35.634946],[128.444862,35.634322],[128.444154,35.635417],[128.44302,35.635333],[128.441074,35.633991],[128.441305,35.632551],[128.440631,35.63256],[128.440454,35.63059],[128.437613,35.630676],[128.432174,35.62401],[128.43098,35.621639],[128.427153,35.623566],[128.425225,35.625278],[128.422737,35.625124],[128.41904,35.619698],[128.418353,35.621601],[128.416667,35.621962],[128.417081,35.621557],[128.416348,35.621683],[128.415604,35.620944],[128.415929,35.62013],[128.413918,35.617233],[128.410461,35.615778],[128.410156,35.615097],[128.408566,35.615113],[128.406498,35.614191],[128.40508,35.614928],[128.404125,35.617067],[128.402925,35.617305],[128.402924,35.61521],[128.399292,35.615919],[128.395775,35.614134],[128.394991,35.614421],[128.393485,35.612789],[128.390129,35.612381],[128.387752,35.610151],[128.384407,35.609909],[128.382399,35.60654],[128.380545,35.607825],[128.380783,35.609025],[128.380234,35.609247],[128.377824,35.606817],[128.372739,35.608449],[128.371148,35.610233],[128.373414,35.612486],[128.378412,35.613649],[128.388376,35.617928],[128.393306,35.623249],[128.397201,35.629136],[128.401251,35.632729],[128.401954,35.635743],[128.400037,35.645555],[128.397912,35.648809],[128.39227,35.653449],[128.383686,35.658486],[128.374737,35.664942],[128.362319,35.675574],[128.357186,35.682195],[128.353298,35.690922],[128.351548,35.697458],[128.351797,35.704016],[128.355343,35.707333],[128.358878,35.708701],[128.364987,35.707441],[128.380627,35.70195],[128.376652,35.69958],[128.375711,35.695621],[128.376127,35.694136],[128.375058,35.692893],[128.377909,35.69104],[128.381608,35.689626],[128.38315,35.688178],[128.383361,35.686278],[128.384568,35.685478],[128.384998,35.683521],[128.387018,35.68223],[128.387898,35.680362]]]}}]}